review_text,rating,restaurant,area,date,likes,label
之前路過覺得很好吃😋今天又過來吃，價格也合理 …,5,老鐵醬平價鐵板燒,,18 小時前,0,2
菜色好吃，店員熱情客氣,5,老鐵醬平價鐵板燒,,19 小時前,0,2
老闆親切 菜品便宜,5,老鐵醬平價鐵板燒,,20 小時前,0,2
好吃,5,老鐵醬平價鐵板燒,,20 小時前,0,2
超好吃,5,老鐵醬平價鐵板燒,,1 天前,0,2
"鐵板燒一直都是我非常喜歡的一種料理方式，而這次的用餐體驗更是讓我留下了非常深刻的印象。從一走進餐廳開始，就能感受到整體環境非常乾淨舒適，空間寬敞明亮，座位安排也很合理，讓人用餐時感到相當放鬆。鐵板燒最大的魅力之一，就是可以近距離看到師傅現場料理，每一個動作都非常俐落專業，看著食材在鐵板上滋滋作響，香氣慢慢飄出來，真的讓人食慾大開。

首先要說的是食材的新鮮度真的非常高。無論是肉類、海鮮還是蔬菜，都可以看得出來品質很好。牛排的肉質鮮嫩多汁，外層煎得微微焦香，裡面卻依然保持著完美的嫩度，每一口都充滿濃郁的肉香。海鮮部分也讓人非常驚艷，蝦子非常新鮮，肉質彈牙，師傅簡單用鹽和奶油調味，就能把海鮮本身的甜味完全帶出來，吃起來既鮮美又不會過於油膩。

蔬菜的部分同樣讓人印象深刻。很多人可能會覺得鐵板燒的蔬菜只是配角，但這家店的蔬菜處理得非常用心。高麗菜清甜爽口，豆芽菜清脆不油膩，搭配師傅適當的火候與調味，每一道蔬菜都保留了原本的自然甜味。簡單的料理方式，反而更能吃出食材本身的美味。

另外不得不稱讚的是師傅的料理技巧。整個料理過程非常流暢，火候掌握得剛剛好，不會過熟也不會太生。師傅在料理的同時也會和客人稍微互動，氣氛非常輕鬆愉快。看著鐵板上的食材從生到熟的變化，其實也是一種很有趣的用餐體驗。

服務方面也值得給很高的評價。服務人員態度親切，動作也非常迅速，有需要的時候很快就能得到幫助。上菜的節奏安排得很好，不會讓人等太久，也不會一下子全部上完讓桌子變得很擁擠。整體用餐流程非常順暢，讓人感到相當舒適。

餐廳的衛生環境也維持得很好，桌面、鐵板以及餐具都非常乾淨，可以看得出店家對細節的重視。用餐時不會感覺油煙很重，通風做得相當不錯，吃完之後身上也不會留下太濃的味道，這點真的非常加分。

整體來說，這是一間讓人非常滿意的鐵板燒餐廳。從食材品質、料理技巧、服務態度到用餐環境，每一個環節都做得非常到位。無論是和朋友聚餐、家庭聚會，或是想要好好享受一頓美味的料理，這裡都是一個很好的選擇。如果你喜歡鐵板燒，真的非常推薦來試試看，相信你也會像我一樣，對這裡留下非常好的印象。未來有機會我一定還會再來光顧，也會推薦給身邊的朋友一起來品嚐這麼美味又用心的料理體驗。",5,老鐵醬平價鐵板燒,,1 天前,0,2
鹹豬肉特別香,5,老鐵醬平價鐵板燒,,1 天前,0,2
"很好吃
這次去吃鐵板燒的體驗其實蠻有趣的。一開始坐在鐵板前面，看著師傅在我們面前直接料理食材，整個過程很有臨場感。師傅動作很俐落，從煎肉、炒菜到翻動食材都很熟練，有時候還會做一些小技巧，讓整個用餐過程變得很有表演感。

食材的部分也很新鮮，像是牛肉煎到剛剛好的熟度，外面微微焦香，裡面還是很嫩，吃起來很多汁。青菜和豆芽菜用鐵板快速拌炒，香味很明顯，而且口感也很清脆。整體味道不會太重，反而可以吃出食材本身的味道。

我覺得鐵板燒跟一般餐廳不太一樣的地方，就是可以邊看料理邊吃飯，感覺比較有參與感，也比較熱鬧。整體來說這次的鐵板燒體驗讓我印象很好，不只東西好吃，看師傅料理的過程也很享受，是一次蠻特別的用餐經驗。",5,老鐵醬平價鐵板燒,,1 天前,0,2
老鐵666 好吃,5,老鐵醬平價鐵板燒,,1 天前,0,2
好吃 東西多,5,老鐵醬平價鐵板燒,,1 天前,0,2
超級好吃推推推💖 …,5,老鐵醬平價鐵板燒,,上次編輯：1 天前,0,2
超級好吃,5,老鐵醬平價鐵板燒,,1 天前,0,2
好吃～,5,老鐵醬平價鐵板燒,,1 天前,0,2
讚讚,5,老鐵醬平價鐵板燒,,1 天前,0,2
好吃😋 …,5,老鐵醬平價鐵板燒,,1 天前,0,2
物美價廉 東西好吃😋推薦給大家,5,老鐵醬平價鐵板燒,,1 天前,0,2
CP值很高,5,老鐵醬平價鐵板燒,,1 天前,0,2
氣氛輕鬆、很舒服，店員很熱情！ 推薦！ 場地也很寬敞、老人家友善！,5,老鐵醬平價鐵板燒,,1 天前,0,2
料多味美👍👍👍,5,老鐵醬平價鐵板燒,,上次編輯：1 天前,0,2
餐點好吃,5,老鐵醬平價鐵板燒,,1 天前,0,2
不錯吃,5,老鐵醬平價鐵板燒,,1 天前,0,2
菜可以續超爽ㄉ,5,老鐵醬平價鐵板燒,,2 天前,0,2
餐點很好吃 菜不限量 服務讚讚讚,5,老鐵醬平價鐵板燒,,2 天前,0,2
肉很好吃，可以一直續飯菜，鐵板豆腐要點，非常讚,5,老鐵醬平價鐵板燒,,4 天前,0,2
好吃好吃好吃,5,老鐵醬平價鐵板燒,,上次編輯：4 天前,0,2
超好吃 員工大家人都很親切！,5,老鐵醬平價鐵板燒,,5 天前,0,2
"青菜可以續這點很棒。內用白飯飲料自助無限取用。
口味算鹹淡適中，應該是大眾都可以接受的味道。生意非常非常好，用餐熱門時段應該都需要等待，因為人太多所以很吵雜。",4,老鐵醬平價鐵板燒,,6 天前,0,2
這間鐵板燒 CP 值極高！內用不僅白飯、熱湯、多樣飲料與冰沙無限供應，最棒的是現炒青菜還能免費續加。師傅火侯掌握得宜，食材新鮮且調味適中不油膩，是想大飽口福時的平價首選,5,老鐵醬平價鐵板燒,,6 天前,0,2
老闆娘很親切 東西好吃,5,老鐵醬平價鐵板燒,,1 週前,0,2
服務態度很不錯 親切 東西好吃,5,老鐵醬平價鐵板燒,,1 週前,0,2
菜非常好吃，服務態度很好,5,老鐵醬平價鐵板燒,,1 週前,0,2
"環境不錯
食物好吃",5,老鐵醬平價鐵板燒,,2 週前,0,2
東西好吃，服務人員親切，吃飯的好選擇。,5,老鐵醬平價鐵板燒,,2 週前,0,2
隔二條街遠離擁擠的大明路，不管機車或汽車就非常好停車了。店內氣氛熱鬧用餐氛圍歡樂，與大埔相比口味跟價錢差不多，但高麗菜、豆芽菜、飲料、白飯、湯全部吃到飽就完勝大埔了，點蜜汁雞腿排煎到恰恰的很酥脆，可惜蜜汁稍沒入味口味偏淡，如要加菜可直接跟炒菜師父說就好，態度都很熱情不會臭臉，服務跟CP值給5顆星，已N次回訪。,5,老鐵醬平價鐵板燒,,2 週前,0,2
好吃實惠,5,老鐵醬平價鐵板燒,,2 週前,0,2
吃過N次 品質一樣好。人員熱情❤️,5,老鐵醬平價鐵板燒,,2 週前,0,2
師傅很有禮貌，還有自助吧cp值很高,5,老鐵醬平價鐵板燒,,2 週前,0,2
師傅很有禮貌,5,老鐵醬平價鐵板燒,,2 週前,0,2
可以加菜就是讚,5,老鐵醬平價鐵板燒,,2 週前,0,2
"出餐速度快狠準
吃那麼多間鐵板燒
唯一一間好吃的沒話說
還會想來光顧

超推！
本以為找不到湯
結果在白飯旁邊
打開是我愛喝的蛋花湯❤️

店家每一位態度超級好
連吃飽離開 發自內心笑謝謝光顧～
好有禮貌 ！！讓我心情愉悅了😂",5,老鐵醬平價鐵板燒,,2 週前,0,2
餐點好吃服務用心,5,老鐵醬平價鐵板燒,,2 週前,0,2
店員態度良好 好吃～,5,老鐵醬平價鐵板燒,,2 週前,0,2
聞起來好香,5,老鐵醬平價鐵板燒,,2 週前,0,2
食物美味，服務好,5,老鐵醬平價鐵板燒,,2 週前,0,2
讚！好吃,5,老鐵醬平價鐵板燒,,2 週前,0,2
CP值高，適合朋友來此聚餐！！,5,老鐵醬平價鐵板燒,,2 週前,0,2
給到夯,5,老鐵醬平價鐵板燒,,2 週前,0,2
適合系桌聚餐 讚,5,老鐵醬平價鐵板燒,,2 週前,0,2
鍋氣很足的鐵板燒！,5,老鐵醬平價鐵板燒,,2 週前,0,2
平價好吃😋,5,老鐵醬平價鐵板燒,,2 週前,0,2
鐵板燒師傅很親切🫡 …,5,老鐵醬平價鐵板燒,,2 週前,0,2
"師傅專業 空間環境很棒
值得推薦",5,老鐵醬平價鐵板燒,,2 週前,0,2
好吃好玩,5,老鐵醬平價鐵板燒,,2 週前,0,2
味道極棒,5,老鐵醬平價鐵板燒,,2 週前,0,2
老闆跟師傅們都很友善，食物美味，推！,5,老鐵醬平價鐵板燒,,3 週前,0,2
好好吃，快來吃,5,老鐵醬平價鐵板燒,,3 週前,0,2
評價好吃,5,老鐵醬平價鐵板燒,,3 週前,0,2
聽說可以加菜吃到飽 太酷了,5,老鐵醬平價鐵板燒,,3 週前,0,2
好吃cp值高，推推推,5,老鐵醬平價鐵板燒,,3 週前,0,2
好吃，離家近，價格平價🥴,5,老鐵醬平價鐵板燒,,3 週前,0,2
好吃 服務好,5,老鐵醬平價鐵板燒,,3 週前,0,2
"超讚👍
師父都很有禮貌😊
都會問有沒有吃飽",5,老鐵醬平價鐵板燒,,3 週前,0,2
十分好吃,5,老鐵醬平價鐵板燒,,3 週前,0,2
好的！,5,老鐵醬平價鐵板燒,,3 週前,0,2
環境乾淨整潔，菜色讚👍好吃😋,5,老鐵醬平價鐵板燒,,3 週前,0,2
好吃服務又好！讚,5,老鐵醬平價鐵板燒,,3 週前,0,2
口味好吃,5,老鐵醬平價鐵板燒,,3 週前,0,2
口味不錯價格划算,5,老鐵醬平價鐵板燒,,3 週前,0,2
全家來吃美食！非常好吃😋 …,5,老鐵醬平價鐵板燒,,3 週前,0,2
讚👍好吃😋,5,老鐵醬平價鐵板燒,,3 週前,0,2
"週日晚餐到店用餐，一進店家高朋滿座，但炒台內的工作人員在忙中也沒怠慢接待，快速的安排我們入座。
菜單選項豐富、價錢也合理，自助吧白飯、湯品自取，還有多種飲料可選用，用餐整體空間也不錯！
重點是餐點好吃，送上來的青菜，視覺感受就是一流炒功、鮮蚵大而飽滿，金沙蝦仁、鮭魚口感好！
整體用餐滿意，惟個人口味希望清淡一點，下次若再度用餐，會在點餐時備註。",5,老鐵醬平價鐵板燒,,3 週前,0,2
"好吃常常來吃
推薦",5,老鐵醬平價鐵板燒,,上次編輯：3 週前,0,2
不會讓你失望的平價鉄板燒，種類多,5,老鐵醬平價鐵板燒,,1 個月前,0,2
食材新鮮，什麼都很好吃，CP值超高，每次回台中必訪～,5,老鐵醬平價鐵板燒,,1 個月前,0,2
餐點很好吃！,5,老鐵醬平價鐵板燒,,1 個月前,0,2
吃很飽,5,老鐵醬平價鐵板燒,,1 個月前,0,2
餐點美味 尤其是牛小排 非常香 服務也很好,5,老鐵醬平價鐵板燒,,1 個月前,0,2
好吃！,5,老鐵醬平價鐵板燒,,1 個月前,0,2
"比連鎖的鐵板燒好吃太多太多了😋
服務很好餐又好吃一定會再來吃100次😍",5,老鐵醬平價鐵板燒,,1 個月前,0,2
"點餐時櫃檯沒人
煎台師傅請我先坐
去裝飲料時店員冒出來 問我結帳了嗎？ …",4,老鐵醬平價鐵板燒,,1 個月前,0,2
推薦 好吃,5,老鐵醬平價鐵板燒,,1 個月前,0,2
👍 …,5,老鐵醬平價鐵板燒,,1 個月前,0,2
"和家人用餐，覺得好吃，下次
會再來",5,老鐵醬平價鐵板燒,,1 個月前,0,2
平價又好吃,5,老鐵醬平價鐵板燒,,1 個月前,0,2
跟家人用餐中,5,老鐵醬平價鐵板燒,,1 個月前,0,2
小孩很愛吃！,5,老鐵醬平價鐵板燒,,1 個月前,0,2
菜配飯我可以吃十碗,5,老鐵醬平價鐵板燒,,1 個月前,0,2
超牛逼的鐵板燒必須爆吃,5,老鐵醬平價鐵板燒,,1 個月前,0,2
東西好吃 氣氛很好 還會再來,5,老鐵醬平價鐵板燒,,1 個月前,0,2
食物好吃，店員很親切,5,老鐵醬平價鐵板燒,,1 個月前,0,2
好吃，服務態度良好，可以帶狗狗,5,老鐵醬平價鐵板燒,,1 個月前,0,2
這家推推～餐點好吃～氣氛佳～菜可續～,5,老鐵醬平價鐵板燒,,1 個月前,0,2
CO值高 送餐速度快 👍,5,老鐵醬平價鐵板燒,,1 個月前,0,2
料理好吃 服務又好 很好吃的鐵板燒 推薦,5,老鐵醬平價鐵板燒,,1 個月前,0,2
餐點蠻好吃、上菜速度也快，打卡送小菜或糖葫蘆💙,5,老鐵醬平價鐵板燒,,1 個月前,0,2
餐點好吃服務親切,5,老鐵醬平價鐵板燒,,1 個月前,0,2
"這間青菜不能續，但google評論會送小菜，
店員忘記送來，告知後有送來。
可能剛好座位在出風口 …",4,老鐵醬平價鐵板燒,,1 個月前,0,2
很好吃已經多次回訪,5,老鐵醬平價鐵板燒,,1 個月前,0,2
好吃美味,5,老鐵醬平價鐵板燒,,1 個月前,0,2
好吃又平價,5,老鐵醬平價鐵板燒,,1 個月前,0,2
好吃喔！ 👍🏻👍🏻👍🏻,5,老鐵醬平價鐵板燒,,1 個月前,0,2
東西好吃😋 值得再訪！很推薦👍,5,老鐵醬平價鐵板燒,,1 個月前,0,2
好吃！味道很好！,5,老鐵醬平價鐵板燒,,1 個月前,0,2
很好吃算是我吃過前幾名的鐵板燒,5,老鐵醬平價鐵板燒,,1 個月前,0,2
服務很好 餐點很好吃！,5,老鐵醬平價鐵板燒,,上次編輯：1 個月前,0,2
好吃的鐵板燒 大家要來吃,5,老鐵醬平價鐵板燒,,1 個月前,0,2
很好吃 很常來,5,老鐵醬平價鐵板燒,,1 個月前,0,2
好吃～～,5,老鐵醬平價鐵板燒,,1 個月前,0,2
便宜好吃，內用送小菜！,5,老鐵醬平價鐵板燒,,1 個月前,0,2
家人愛吃,5,老鐵醬平價鐵板燒,,1 個月前,0,2
餐點好吃 菜可以續 飯吃到飽,5,老鐵醬平價鐵板燒,,1 個月前,0,2
餐點都很不錯,5,老鐵醬平價鐵板燒,,1 個月前,0,2
好好吃🤤,5,老鐵醬平價鐵板燒,,1 個月前,0,2
服務親切 食物平價新鮮好吃 環境乾淨明亮,5,老鐵醬平價鐵板燒,,1 個月前,0,2
平價好吃😋服務很讚👍 …,5,老鐵醬平價鐵板燒,,1 個月前,0,2
香煎雞腿排很好吃！,5,老鐵醬平價鐵板燒,,1 個月前,0,2
好吃 白飯不用錢,5,老鐵醬平價鐵板燒,,1 個月前,0,2
超好吃👍🏻 …,5,老鐵醬平價鐵板燒,,1 個月前,0,2
好吃動作也很快,5,老鐵醬平價鐵板燒,,1 個月前,0,2
美味😋 值得再來 …,5,老鐵醬平價鐵板燒,,1 個月前,0,2
菜很好吃，還可以加菜，超讚的,5,老鐵醬平價鐵板燒,,上次編輯：1 個月前,0,2
"價格親民
餐點好吃",5,老鐵醬平價鐵板燒,,1 個月前,0,2
超級棒的,5,老鐵醬平價鐵板燒,,1 個月前,0,2
好好吃～～～,5,老鐵醬平價鐵板燒,,1 個月前,0,2
態度值得我六星好評 這是多出來的那一顆,1,老鐵醬平價鐵板燒,,1 個月前,0,0
"雞腿排超好吃的！
是沒吃過的口感～
上菜速度也很快～大推推",5,老鐵醬平價鐵板燒,,1 個月前,0,2
好吃菜可以一直續,5,老鐵醬平價鐵板燒,,上次編輯：1 個月前,0,2
服務態度很好，食物美味,5,老鐵醬平價鐵板燒,,1 個月前,0,2
"115/02/01
店員態度差到極致。
剛開幕吃過兩次那時候的服務氣氛和現在截然不同，
這次是第三次用餐，也會是最後一次。
在這邊吃飯被服務的感覺，像是在被施捨食物。",1,老鐵醬平價鐵板燒,,1 個月前,0,0
"點了雙人套餐 菲力、牛肉和鮮蚵
平價好吃，會在回訪！",5,老鐵醬平價鐵板燒,,1 個月前,0,2
雙人套餐平價好吃！,5,老鐵醬平價鐵板燒,,1 個月前,0,2
"首次嚐鮮
空間大
飲料、飯、湯吃到飽👍 …",5,老鐵醬平價鐵板燒,,1 個月前,0,2
點了$350單人套餐（香煎雞腿排+奶油杏鮑菇）👍 …,5,老鐵醬平價鐵板燒,,1 個月前,0,2
💯 份量實在、價格合理，CP值超高，會想再回訪。,5,老鐵醬平價鐵板燒,,1 個月前,0,2
鐵板功力一流，火候拿捏得剛剛好，肉嫩多汁、完全不乾柴。,5,老鐵醬平價鐵板燒,,1 個月前,0,2
美味好吃,5,老鐵醬平價鐵板燒,,1 個月前,0,2
😍😍,5,老鐵醬平價鐵板燒,,1 個月前,0,2
讚喔👍 …,5,老鐵醬平價鐵板燒,,1 個月前,0,2
👍🏻 …,4,老鐵醬平價鐵板燒,,1 個月前,0,2
餐點好吃、環境明亮,5,老鐵醬平價鐵板燒,,1 個月前,0,2
餐點好吃！讚,5,老鐵醬平價鐵板燒,,1 個月前,0,2
這間的餐點算是還可以也還可以續青菜 還有自助吧什麼的其實很不錯 但是最近一次1/31 1:30左右的時候突然有二手菸的味道並且持續到我吃完結束，不知道是不是有人在休息室抽菸並且當時還有小孩在旁邊，我覺得需要糾正一下（當時大門是關上很久了），只有休息室的小門還開著,3,老鐵醬平價鐵板燒,,1 個月前,0,1
好吃環境好,5,老鐵醬平價鐵板燒,,1 個月前,0,2
宵夜首選,5,老鐵醬平價鐵板燒,,1 個月前,0,2
"好吃的鐵板燒，老闆娘還熱情～
重點是各個菜量非常滿足！！",5,老鐵醬平價鐵板燒,,1 個月前,0,2
第一次吃，好吃出餐快～,5,老鐵醬平價鐵板燒,,1 個月前,0,2
"評論送小菜

整體菜色都比較下飯
醬燒雞丁：肉不柴很棒，還會有洋蔥跟蔥
高麗菜豆芽菜：可續，每次的鹹度都有點不同（可能有加蒜泥）
不吃洋蔥、蔥、蒜頭的人點餐前可以告知，應該可以不加

內用自助區：白飯、湯、飲料（果汁、咖啡）",5,老鐵醬平價鐵板燒,,1 個月前,0,2
全家都愛吃😊😊😊 …,5,老鐵醬平價鐵板燒,,1 個月前,0,2
很好吃！,5,老鐵醬平價鐵板燒,,1 個月前,0,2
價格合適,5,老鐵醬平價鐵板燒,,1 個月前,0,2
餐點好吃！,5,老鐵醬平價鐵板燒,,1 個月前,0,2
高麗菜豆芽菜吃到飽太爽了,5,老鐵醬平價鐵板燒,,1 個月前,0,2
每道餐點都很美味 cp值巨高 服務人員也很親切,5,老鐵醬平價鐵板燒,,1 個月前,0,2
歐一夕,5,老鐵醬平價鐵板燒,,1 個月前,0,2
"店員看我一份菜不夠吃，還多送我一份😭
鐵醬牛也好好吃😭 …",5,老鐵醬平價鐵板燒,,1 個月前,0,2
低消沒有說明，服務態度👎 …,1,老鐵醬平價鐵板燒,,1 個月前,0,0
好吃的推薦，打卡送手工小菜,5,老鐵醬平價鐵板燒,,1 個月前,0,2
真心推薦＾＾真的好吃,5,老鐵醬平價鐵板燒,,1 個月前,0,2
"好吃好停車
一次上癮👍",5,老鐵醬平價鐵板燒,,1 個月前,0,2
餐點美味，份量充足,5,老鐵醬平價鐵板燒,,1 個月前,0,2
"師傅熱情 餐點cp值很高 店內空間也很寬敞
重點還可以加菜",5,老鐵醬平價鐵板燒,,上次編輯：1 個月前,0,2
餐點好吃CP高！非常值得推薦的鐵板燒！🤩🤩🤩,5,老鐵醬平價鐵板燒,,1 個月前,0,2
親切專業好吃！,5,老鐵醬平價鐵板燒,,上次編輯：1 個月前,0,2
好吃 平價，每次都超飽,5,老鐵醬平價鐵板燒,,1 個月前,0,2
東西好吃,5,老鐵醬平價鐵板燒,,1 個月前,0,2
好好吃 免費白飯吃飽飽 d(ŐдŐ๑),5,老鐵醬平價鐵板燒,,1 個月前,0,2
"今天晚上來老鐵鍋吃晚餐，依舊cp值超高！
會再回訪😋",5,老鐵醬平價鐵板燒,,1 個月前,0,2
青菜吃到飽肉比其他地方多,5,老鐵醬平價鐵板燒,,1 個月前,0,2
便宜又大碗⁽⁽٩(๑˃̶͈̀ ᗨ ˂̶͈́)۶⁾⁾,5,老鐵醬平價鐵板燒,,1 個月前,0,2
很好吃！常來,5,老鐵醬平價鐵板燒,,1 個月前,0,2
服務人員很親切，食物也很好吃，最主要的是開得晚！,5,老鐵醬平價鐵板燒,,1 個月前,0,2
這個好吃,5,老鐵醬平價鐵板燒,,1 個月前,0,2
服務很親切食物也很好吃,5,老鐵醬平價鐵板燒,,1 個月前,0,2
好吃有味,5,老鐵醬平價鐵板燒,,1 個月前,0,2
讚讚讚,5,老鐵醬平價鐵板燒,,1 個月前,0,2
下班後的好選擇 好吃👍,5,老鐵醬平價鐵板燒,,1 個月前,0,2
"這裡好吃還有湯有飯
店員也很親切",5,老鐵醬平價鐵板燒,,1 個月前,0,2
好吃青菜很好吃,5,老鐵醬平價鐵板燒,,1 個月前,0,2
讚的 好吃 營業時間晚～宵夜也適合,5,老鐵醬平價鐵板燒,,1 個月前,0,2
好吃😋😋😋,5,老鐵醬平價鐵板燒,,1 個月前,0,2
"用五星已經無法評論了！
他已經超越了所有連鎖店了！
驚訝的是，炒功真的一流！超級好吃！ …",5,老鐵醬平價鐵板燒,,1 個月前,0,2
"服務很好
環境也很乾淨
很好吃 👍",5,老鐵醬平價鐵板燒,,1 個月前,0,2
服務態度佳，速度也很快唷🥰 …,5,老鐵醬平價鐵板燒,,1 個月前,0,2
老闆娘超好,5,老鐵醬平價鐵板燒,,1 個月前,0,2
今天是第二次回訪，台中夜宵的第一選擇！CP值很高！非常推薦大家來。,5,老鐵醬平價鐵板燒,,1 個月前,0,2
飲料區真讚,5,老鐵醬平價鐵板燒,,1 個月前,0,2
"有嚇到欸
190竟然有飲料自助吧
咖啡機(可惜去的時候沒巧克力 …",5,老鐵醬平價鐵板燒,,1 個月前,0,2
好吃，cp值超高！ ！,5,老鐵醬平價鐵板燒,,1 個月前,0,2
好好吃,5,老鐵醬平價鐵板燒,,1 個月前,0,2
很好吃,5,老鐵醬平價鐵板燒,,1 個月前,0,2
小朋友指定鐵板燒的愛店,5,老鐵醬平價鐵板燒,,1 個月前,0,2
環境乾淨，自助吧有白飯、湯品、飲料都免費續，店員態度也很親切,5,老鐵醬平價鐵板燒,,1 個月前,0,2
服務態度很好,5,老鐵醬平價鐵板燒,,1 個月前,0,2
上菜快速菜色可口,5,老鐵醬平價鐵板燒,,1 個月前,0,2
服務人員親切.餐點好吃,5,老鐵醬平價鐵板燒,,1 個月前,0,2
好吃😋,5,老鐵醬平價鐵板燒,,1 個月前,0,2
好吃好吃😋 …,5,老鐵醬平價鐵板燒,,1 個月前,0,2
"一群年輕小朋友 活力無窮
口味好吃 味道不重複",5,老鐵醬平價鐵板燒,,1 個月前,0,2
口味不錯，可以續菜,5,老鐵醬平價鐵板燒,,1 個月前,0,2
整潔有待加強，桌黏黏的，料理區域有點髒,2,老鐵醬平價鐵板燒,,1 個月前,0,0
食物好吃,5,老鐵醬平價鐵板燒,,1 個月前,0,2
很好吃。兒子常常吵著要吃！白飯、湯品可以吃到飽！還有飲料吧！！很棒！,5,老鐵醬平價鐵板燒,,1 個月前,0,2
離家很近的鐵板燒。好吃😋 …,5,老鐵醬平價鐵板燒,,1 個月前,0,2
餐點好吃，出餐快速，服務親切,5,老鐵醬平價鐵板燒,,1 個月前,0,2
平價鐵板燒~~五星送小菜,5,老鐵醬平價鐵板燒,,上次編輯：1 個月前,0,2
便宜好吃，還有自助吧可以用,5,老鐵醬平價鐵板燒,,1 個月前,0,2
餐點超級好吃,5,老鐵醬平價鐵板燒,,1 個月前,0,2
每次來都吃很飽，服務員也很客氣,5,老鐵醬平價鐵板燒,,1 個月前,0,2
餐點美味好吃，服務生很親切,5,老鐵醬平價鐵板燒,,1 個月前,0,2
每週都來吃,5,老鐵醬平價鐵板燒,,上次編輯：1 個月前,0,2
這間鐵板燒叫我家的狗吃他也不吃包手的那個員工你再給我裝一塊試試看,1,老鐵醬平價鐵板燒,,1 個月前,0,0
平價好吃 快速,5,老鐵醬平價鐵板燒,,1 個月前,0,2
1/19到1/20半夜兩點那位右手臂刺青的，我沒惹你吧，每一句對話都用兇的，情緒管理不好就別來上班了，搞得來吃飯的都欠你一樣，老闆要不要管一下，五星拉評價送小菜沒屁用啦,1,老鐵醬平價鐵板燒,,1 個月前,0,0
餐點快、要清淡的口味要先說…不然會太過鹹鹹,4,老鐵醬平價鐵板燒,,1 個月前,0,2
來這間店千萬不要跟那個包手店員點加菜 他會直接躲在後面滑手機給你看,1,老鐵醬平價鐵板燒,,1 個月前,0,0
沒來過，一進門就很不耐煩的問我要不要辣，我根本沒懂啥要不要辣，後面才大聲的喊菜要不要辣，不想炒直說，擺啥臉色啊,1,老鐵醬平價鐵板燒,,1 個月前,0,0
第一次用手機支付不會用被嘲諷，我說這個嗶一聲沒反應，那個刺青的員工用嘲諷的語氣說直接掃條碼就好，還嗶一聲咧，老闆是請不到人了嗎，是嫌客人太多嗎，這員工是鐵板計畫轉過去的嗎？,1,老鐵醬平價鐵板燒,,1 個月前,0,0
"1、菲力牛太老了、羊肉也差不多
2、上菜的餐點用甩的，也是醉了
3、青菜的量有點少",2,老鐵醬平價鐵板燒,,1 個月前,0,0
服務親切，食物好吃，推！,5,老鐵醬平價鐵板燒,,1 個月前,0,2
讚👍好吃,5,老鐵醬平價鐵板燒,,1 個月前,0,2
好吃評價鐵板燒！,5,老鐵醬平價鐵板燒,,1 個月前,0,2
很常來～好吃,5,老鐵醬平價鐵板燒,,1 個月前,0,2
好吃超讚,5,老鐵醬平價鐵板燒,,1 個月前,0,2
第一次來吃看看,5,老鐵醬平價鐵板燒,,1 個月前,0,2
"青菜可續
點雙人套餐 還送豆腐
活動 打卡送飲料 很可愛有小熊🐻
整體不錯 但今天主菜有醬汁的部分有點略鹹 …",5,老鐵醬平價鐵板燒,,上次編輯：1 個月前,0,2
好吃，喜歡吃金莎蝦球，別間的鐵板燒吃不太到！,5,老鐵醬平價鐵板燒,,1 個月前,0,2
料好實在價格公道讚讚！,5,老鐵醬平價鐵板燒,,1 個月前,0,2
來吃三次了 超讚👍 …,5,老鐵醬平價鐵板燒,,1 個月前,0,2
可以吃菜吃到飽,5,老鐵醬平價鐵板燒,,1 個月前,0,2
點一份牛肉的外帶，整盒都是洋蔥只有三、四小片肉……乾脆給我兩盒菜算了,1,老鐵醬平價鐵板燒,,1 個月前,0,0
"可以免費加菜、白飯、飲料、熱湯。
好吃",5,老鐵醬平價鐵板燒,,1 個月前,0,2
很讚🙌,5,老鐵醬平價鐵板燒,,1 個月前,0,2
很好吃喔,5,老鐵醬平價鐵板燒,,1 個月前,0,2
"上菜快速
高麗菜豆芽菜小辣超好吃
連最基本的副菜都好吃
其他餐點根本不用說了 超好下飯
推",5,老鐵醬平價鐵板燒,,1 個月前,0,2
服務員都很熱情，東西很好吃！！,5,老鐵醬平價鐵板燒,,2 個月前,0,2
特別讚！！服務好 餐點佳,5,老鐵醬平價鐵板燒,,2 個月前,0,2
"可以免費續菜
但很抱歉只能給3顆星
因為牛肉 高麗菜 豆芽菜 全都太鹹
不合口味😅 …",3,老鐵醬平價鐵板燒,,2 個月前,0,1
平價，好吃,5,老鐵醬平價鐵板燒,,2 個月前,0,2
餐點好吃又平價,5,老鐵醬平價鐵板燒,,2 個月前,0,2
"住在北屯 半夜突然想吃鐵板燒
看到這間店 想著試試看
沒想到 吃到收藏店了。
台中最好吃的鐵板燒之一。就是遠一點了。
東西都超級好吃",5,老鐵醬平價鐵板燒,,2 個月前,0,2
"餐點的部分：主食 跟菜份量有點偏少，覺得不夠吃，但是整體是不錯吃的，另外飲料芒果奶凍好喝！
還有阿姨會一直巡視，讓人會有點尷尬的感覺！",4,老鐵醬平價鐵板燒,,2 個月前,0,2
現在還有活動，消費滿250內用就送飲料,5,老鐵醬平價鐵板燒,,2 個月前,0,2
好吃，上菜速度快！,5,老鐵醬平價鐵板燒,,2 個月前,0,2
老鐵，666,5,老鐵醬平價鐵板燒,,2 個月前,0,2
店員親切、自助飲料選項多,5,老鐵醬平價鐵板燒,,2 個月前,0,2
好吃 大大的推薦,5,老鐵醬平價鐵板燒,,2 個月前,0,2
"好吃！服務態度也100分
甚至會主動詢問客人要不要加菜",5,老鐵醬平價鐵板燒,,2 個月前,0,2
環境好，光線明亮,5,老鐵醬平價鐵板燒,,2 個月前,0,2
店員很客氣，餐點選擇多,5,老鐵醬平價鐵板燒,,2 個月前,0,2
牛小排好好吃 店員人好好喔 我還要再來！！.！,5,老鐵醬平價鐵板燒,,2 個月前,0,2
"已經多次光顧😊
主菜炒的好吃，湯品好喝
飲料也有很多選擇， …",5,老鐵醬平價鐵板燒,,2 個月前,0,2
非常好吃 蔬菜可以續,5,老鐵醬平價鐵板燒,,2 個月前,0,2
東西好吃又便宜,5,老鐵醬平價鐵板燒,,2 個月前,0,2
來用餐過很多次，環境很好，服務親切,5,老鐵醬平價鐵板燒,,2 個月前,0,2
好吃👍🏻 …,5,老鐵醬平價鐵板燒,,2 個月前,0,2
服務很好 好吃才很脆 味道很夠,5,老鐵醬平價鐵板燒,,2 個月前,0,2
菜能續，口味也很多樣，服務又親切,5,老鐵醬平價鐵板燒,,2 個月前,0,2
"青菜吃到飽
餐點也好吃",5,老鐵醬平價鐵板燒,,2 個月前,0,2
和家人晚餐來這邊吃，覺得很棒唷免費的飲料白飯和湯,5,老鐵醬平價鐵板燒,,2 個月前,0,2
服務親切，食物好吃，新鮮,5,老鐵醬平價鐵板燒,,2 個月前,0,2
餐點美味,5,老鐵醬平價鐵板燒,,2 個月前,0,2
好吃100分,5,老鐵醬平價鐵板燒,,2 個月前,0,2
好吃～還能續菜！,5,老鐵醬平價鐵板燒,,2 個月前,0,2
餐廳氣氛比不錯，不過主菜量偏少，非常適合小女生來吃。,3,老鐵醬平價鐵板燒,,2 個月前,0,1
拿飲料,5,老鐵醬平價鐵板燒,,2 個月前,0,2
很好吃 👍 …,5,老鐵醬平價鐵板燒,,2 個月前,0,2
美味好吃😋 …,5,老鐵醬平價鐵板燒,,2 個月前,0,2
雞腿排好吃,5,老鐵醬平價鐵板燒,,2 個月前,0,2
服務人員很親切，環境也恨整齊,5,老鐵醬平價鐵板燒,,2 個月前,0,2
出餐速度快！好吃😋 …,5,老鐵醬平價鐵板燒,,2 個月前,0,2
好吃，生意好！新年快樂！,5,老鐵醬平價鐵板燒,,2 個月前,0,2
很好吃😋 環境很好👍,5,老鐵醬平價鐵板燒,,2 個月前,0,2
服務人員都很好,5,老鐵醬平價鐵板燒,,2 個月前,0,2
"食物：
不能說很難吃，但也稱不上好吃，只能說4.8顆星有點過譽😅豆芽菜跟高麗菜相比較多，並且多了一點點醋味，但是不會太重（不愛醋的我是不會排斥啦）
蜜汁雞腿排與我想像的不符，原本以為會是照燒那種感覺的？但實際上是乾煎雞腿排後淋上了糖醋醬感的東西，兩者味道有點分離，加上醬不多且雞腿本身無調味，所以吃起來沒有很好吃……肉的品質也普普。
飲料、湯很普通，就是常見的那樣
環境：普普通通，還有進步空間。
服務：吃快完才知道可以加菜🤣因為趕公車所以就沒加了。",4,老鐵醬平價鐵板燒,,2 個月前,0,2
"氣氛很好😋❤️
一進店就滿滿香氣❤️ …",5,老鐵醬平價鐵板燒,,2 個月前,0,2
讚ჱ̒^o̴̶̷̤ ·̫ o̴̶̷̤),5,老鐵醬平價鐵板燒,,2 個月前,0,2
態度好，價格實惠👍,5,老鐵醬平價鐵板燒,,2 個月前,0,2
套餐划算，位子很舒適，出菜很快。,5,老鐵醬平價鐵板燒,,2 個月前,0,2
"今天跟朋友家人來用餐
店員很熱情
餐點很好吃
謝謝你們辛苦了～",5,老鐵醬平價鐵板燒,,2 個月前,0,2
東西好吃 服務態度很好,5,老鐵醬平價鐵板燒,,2 個月前,0,2
從開幕到現在來了有十次，每次來都有改善更好的感覺；有在用心經營與管理，讓客人有好的用餐體驗。,5,老鐵醬平價鐵板燒,,2 個月前,0,2
很好吃 推薦,5,老鐵醬平價鐵板燒,,2 個月前,0,2
口味不錯，來吃過幾次了，推薦,5,老鐵醬平價鐵板燒,,2 個月前,0,2
氣氛佳 服務態度良好,5,老鐵醬平價鐵板燒,,2 個月前,0,2
菜可以一直續 而且還有無糖茶！！！,5,老鐵醬平價鐵板燒,,上次編輯：2 個月前,0,2
好吃要支持大大的推薦,5,老鐵醬平價鐵板燒,,2 個月前,0,2
東西好吃美味,5,老鐵醬平價鐵板燒,,2 個月前,0,2
服務親切,5,老鐵醬平價鐵板燒,,2 個月前,0,2
骰子牛肉好吃！ 可以加菜,5,老鐵醬平價鐵板燒,,2 個月前,0,2
高麗菜炒的很好吃，服務也很好👍 …,5,老鐵醬平價鐵板燒,,2 個月前,0,2
好好吃 還可以加菜～～,5,老鐵醬平價鐵板燒,,2 個月前,0,2
好吃👍,5,老鐵醬平價鐵板燒,,2 個月前,0,2
"很髒，大概78點用餐左右兩邊都是前面客人用餐完沒收的盤子，桌面也是拿衛生紙擦擦不掉的油漬，地板走路黏到每一步都可以除鞋底灰塵，吃到一半一個阿姨推出來要五星好評送小菜，我拒絕了因為準備要來留差評😇😇😇
餐點其實還可以，鐵板燒來說有中上，環境真的可以用點心，不然不舒服到一秒都不想多待，連回應店員很熱情再見的力氣都沒有",1,老鐵醬平價鐵板燒,,2 個月前,0,0
服務態度超讚👍🏻,5,老鐵醬平價鐵板燒,,2 個月前,0,2
cp值高，吃的很飽，服務人員親切,5,老鐵醬平價鐵板燒,,2 個月前,0,2
服務態度良好 餐點美味,5,老鐵醬平價鐵板燒,,2 個月前,0,2
不錯,5,老鐵醬平價鐵板燒,,2 個月前,0,2
美味料理經濟實惠,5,老鐵醬平價鐵板燒,,2 個月前,0,2
就住在附近餐點很好吃,5,老鐵醬平價鐵板燒,,2 個月前,0,2
"服務人員態度好
出餐也很快",5,老鐵醬平價鐵板燒,,2 個月前,0,2
好吃 會再來吃,5,老鐵醬平價鐵板燒,,2 個月前,0,2
"五顆星的評論是送飲料洗出來的嗎⋯
吃過最不好吃的鐵板燒
份量少又難吃食材也不新鮮",1,老鐵醬平價鐵板燒,,2 個月前,0,0
難吃到一個不行夠都不吃食材不新鮮,1,老鐵醬平價鐵板燒,,2 個月前,0,0
環境清潔不乾淨碗還有飯粒還有臭抹布味道 高麗菜洋蔥都放在後門垃圾桶那不搬進去 有夠髒 東西吃了還有臭酸味 各位不要來吃 這家店也很愛用評論五顆星送小菜這招刷五顆星 這種品質我一顆星也不想給,1,老鐵醬平價鐵板燒,,2 個月前,0,0
好吃😋 值得推薦,5,老鐵醬平價鐵板燒,,2 個月前,0,2
好吃喔～～～,5,老鐵醬平價鐵板燒,,2 個月前,0,2
初次嘗試,5,老鐵醬平價鐵板燒,,2 個月前,0,2
好吃😋服務很棒👍 …,5,老鐵醬平價鐵板燒,,2 個月前,0,2
好吃便宜份量大,5,老鐵醬平價鐵板燒,,2 個月前,0,2
服務一百分,5,老鐵醬平價鐵板燒,,上次編輯：2 個月前,0,2
用餐環境非常糟糕 碗裡面有乾掉的菜 筷子隨便亂放 整個用餐區都一個臭抹布味 店員態度愛理不理的,1,老鐵醬平價鐵板燒,,2 個月前,0,0
餐點出餐很快，服務人員很親切,5,老鐵醬平價鐵板燒,,2 個月前,0,2
很新鮮的鐵板燒～～還可以續菜,5,老鐵醬平價鐵板燒,,2 個月前,0,2
打卡送飲料,5,老鐵醬平價鐵板燒,,2 個月前,0,2
好吃又便宜,5,老鐵醬平價鐵板燒,,2 個月前,0,2
超級難吃 東西吃起來有臭酸味 店裡員工跟他說要加菜態度很差 不知道欠他幾百萬 不爽店就不要開了真的,1,老鐵醬平價鐵板燒,,2 個月前,0,0
好吃 讚👍👍👍 …,5,老鐵醬平價鐵板燒,,2 個月前,0,2
餐點很好吃、店員親切,5,老鐵醬平價鐵板燒,,2 個月前,0,2
好吃喔！,5,老鐵醬平價鐵板燒,,2 個月前,0,2
很棒的店 青菜可以免費加喔！,5,老鐵醬平價鐵板燒,,2 個月前,0,2
服務人員很熱情，菜可以一直續！,5,老鐵醬平價鐵板燒,,2 個月前,0,2
超讚 超好吃🤩🤩🤩 …,5,老鐵醬平價鐵板燒,,2 個月前,0,2
小糖吃過都說讚,5,老鐵醬平價鐵板燒,,2 個月前,0,2
"白飯有股怪味！碗盤也不是很乾淨，必須自己擦過
店員服務態度好像我欠他錢一樣",1,老鐵醬平價鐵板燒,,2 個月前,0,0
"服務態度親切
餐點新鮮美味
👍👍👍 …",5,老鐵醬平價鐵板燒,,2 個月前,0,2
美味好吃，高麗菜也炒的很讚！,5,老鐵醬平價鐵板燒,,2 個月前,0,2
喔伊細,5,老鐵醬平價鐵板燒,,2 個月前,0,2
好吃好吃,5,老鐵醬平價鐵板燒,,2 個月前,0,2
上菜速度快，服務親切，菜色也不錯,5,老鐵醬平價鐵板燒,,2 個月前,0,2
餐點好吃，服務也很親切 店內空間寬敞舒適 大推👍 …,5,老鐵醬平價鐵板燒,,2 個月前,0,2
很好吃又平價,5,老鐵醬平價鐵板燒,,2 個月前,0,2
好吃喔！免費的飯跟湯跟飲料，也有冰沙。,5,老鐵醬平價鐵板燒,,2 個月前,0,2
"氛圍好 食物好吃 價格不貴❤️
吃過一次就會想回訪",5,老鐵醬平價鐵板燒,,2 個月前,0,2
"食物料理得很好吃！
最喜歡雞腿牌跟鯖魚
推薦讚",5,老鐵醬平價鐵板燒,,2 個月前,0,2
好吃 推,5,老鐵醬平價鐵板燒,,2 個月前,0,2
餐點好吃，服務好💕 …,5,老鐵醬平價鐵板燒,,2 個月前,0,2
服務良好 份量也很多!也會關心有沒有吃飽 很讚～,5,老鐵醬平價鐵板燒,,2 個月前,0,2
"好好吃！已經回訪好多次了！！

大推！！",5,老鐵醬平價鐵板燒,,上次編輯：2 個月前,0,2
打卡送小菜,5,老鐵醬平價鐵板燒,,3 個月前,0,2
服務好,5,老鐵醬平價鐵板燒,,3 個月前,0,2
餐點不錯吃，內用白飯、湯品、飲料、冰沙、熱飲無限暢飲，讚！,5,老鐵醬平價鐵板燒,,3 個月前,0,2
超讚,5,老鐵醬平價鐵板燒,,3 個月前,0,2
份量充足 好吃,5,老鐵醬平價鐵板燒,,3 個月前,0,2
"環境乾淨，自助吧有白飯、湯品、飲料都免費續，店員態度也很親切

🌟肉類推薦的是鯖魚、雞腿排，真的是「香煎」到皮恰恰、肉質鮮嫩，相較起來鐵板肉類肉就少了很多 …",5,老鐵醬平價鐵板燒,,3 個月前,0,2
餐色多種選擇，是不錯的地方聚餐,5,老鐵醬平價鐵板燒,,3 個月前,0,2
非常好吃 環境很棒,5,老鐵醬平價鐵板燒,,3 個月前,0,2
"2025/12/12
菜單",5,老鐵醬平價鐵板燒,,3 個月前,0,2
常常來吃，但今天的餐點品質跟服務態度都有待加強,2,老鐵醬平價鐵板燒,,上次編輯：3 個月前,0,0
Cp值很高的一間鐵板燒👍,5,老鐵醬平價鐵板燒,,3 個月前,0,2
"想說4.8顆星就和朋友一起來吃，邊吃邊覺得奇怪，這種店怎麼會這麼高分，後來服務人員端了一大堆小菜出來，說評論五顆星就送小菜，我才整個人恍然大悟，所以決定上來緩和一下分數。
服務不錯，但是真的好難吃，肉煎到很柴，味道都在表層而已，完全沒入味，菜的辣度不一，且完全吃不出菜的鮮味",1,老鐵醬平價鐵板燒,,3 個月前,0,0
"好吃又吃得飽
推👍🏻 …",5,老鐵醬平價鐵板燒,,3 個月前,0,2
環境很好👍🏻,5,老鐵醬平價鐵板燒,,3 個月前,0,2
100分 店員人都超好的❤️,5,老鐵醬平價鐵板燒,,上次編輯：3 個月前,0,2
餐點好吃！服務人員親切專業！非常推薦！👍👍👍,5,老鐵醬平價鐵板燒,,3 個月前,0,2
"走過路過 無意間看到的
第一次進來消費 覺得很棒！！列入口袋名單
雙人餐920的餐點很豐富 真的物超所值 每一樣都很好吃 再加點兩顆荷包蛋 真的是非常飽 白飯湯品免費自助取用 還能續菜 哇～ 真的很優秀！！！比大埔棒多了  店員們都很有禮貌～滿分",5,老鐵醬平價鐵板燒,,3 個月前,0,2
店內蒼蠅飛來飛去，用餐環境衛生不佳。,1,老鐵醬平價鐵板燒,,3 個月前,0,0
餐點好吃 出餐快 還有飲料 真棒！,5,老鐵醬平價鐵板燒,,3 個月前,0,2
東西好吃 環境不錯,5,老鐵醬平價鐵板燒,,3 個月前,0,2
服務員親切，餐點好吃，價錢平價不貴！會再光顧！超好評👍👍👍 …,5,老鐵醬平價鐵板燒,,3 個月前,0,2
東西好吃 用餐環境也很讚,5,老鐵醬平價鐵板燒,,3 個月前,0,2
好好吃🤤 …,5,老鐵醬平價鐵板燒,,3 個月前,0,2
真好吃,5,老鐵醬平價鐵板燒,,3 個月前,0,2
好吃的，頂！,5,老鐵醬平價鐵板燒,,3 個月前,0,2
好吃！ ！ ！,5,老鐵醬平價鐵板燒,,3 個月前,0,2
"高麗菜很好吃😋 中辣吃到後面有點太辣了！小辣就好，白飯、海帶湯、飲料、續菜免費，有芭樂什麼汁，linepay 沒有money，店員很年輕比較隨意一點

週六7：30客滿 小等一下 …",5,老鐵醬平價鐵板燒,,上次編輯：3 個月前,0,2
餐點美味，口味適中不會太鹹👍🏻 …,5,老鐵醬平價鐵板燒,,3 個月前,0,2
份量足夠，出餐快速～,5,老鐵醬平價鐵板燒,,3 個月前,0,2
上餐速度快，豆芽菜跟高麗菜可免費續點，好吃！,5,老鐵醬平價鐵板燒,,3 個月前,0,2
速度快,5,老鐵醬平價鐵板燒,,3 個月前,0,2
人潮很多第一次來試試看！,5,老鐵醬平價鐵板燒,,3 個月前,0,2
從踏入進去餐廳 感覺很不舒服，櫃檯先生跟我說 「你不拿菜單 你怎麼點餐」結帳時 一直不耐煩，我真的直接調頭離開，請問我是你員工嗎，自己花錢吃東西 還要照你SOAP 走，莫名其妙，想說這麼囂張，菜色也沒有比較特別，不知道其他5星評價是怎麼來的。,1,老鐵醬平價鐵板燒,,3 個月前,0,0
"進門已經2300了，店員還是蠻有精神，不會有氣無力，服務很好。
食物真的不Ok，牛小排每一塊切的比我指甲還小，卻每一塊都跟橡皮筋一樣難咬。洋蔥很少胡椒太多多利魚太鹹。九層塔蛋是我吃過最難吃的蛋，蛋太薄煎太老，苦苦的焦味。非常失望。 …",2,老鐵醬平價鐵板燒,,3 個月前,0,0
太屌了,5,老鐵醬平價鐵板燒,,3 個月前,0,2
老板讚,5,老鐵醬平價鐵板燒,,3 個月前,0,2
後廚房之一 超推薦,5,老鐵醬平價鐵板燒,,上次編輯：3 個月前,0,2
高麗菜和香煎雞腿排很好吃,5,老鐵醬平價鐵板燒,,3 個月前,0,2
回訪很多次了 好吃😋❤️❤️❤️,5,老鐵醬平價鐵板燒,,3 個月前,0,2
很好吃 推一個,5,老鐵醬平價鐵板燒,,3 個月前,0,2
好吃 量多推推,5,老鐵醬平價鐵板燒,,3 個月前,0,2
"好吃吃不膩！！
吃很多次了",5,老鐵醬平價鐵板燒,,3 個月前,0,2
心目中最好吃的鐵板燒，店員親切，餐點好吃，五星好評一定要的！,5,老鐵醬平價鐵板燒,,3 個月前,0,2
服務很好,5,老鐵醬平價鐵板燒,,3 個月前,0,2
菜可以續吃到飽，內用好幾次，炒牛肉、菲力、多利魚內用價格平價好吃,5,老鐵醬平價鐵板燒,,3 個月前,0,2
第一次吃這間鐵板燒 看了他們的菲力牛感覺很好吃 評價也不錯 想說來吃吃看好了 結果我到手的菲力牛長這樣？全熟根本咬不動 但高麗菜跟蛋沒讓我失望 這也是我第一次那麼想客訴 我也才放不到15分鐘怎麼那麼乾 真的很令我失望 2顆星是我給除了菲力牛以外的餐點。,1,老鐵醬平價鐵板燒,,3 個月前,0,0
"今天來到大里大明路老鐵醬鐵板燒，可能今天是平日，人來數量不多，但是也有八桌左右，店員不多，只有兩位，負責燒菜炒肉及櫃檯，送菜，今天點了肉肉雙人套餐620元，菜是出來了，吃了快兩碗白飯，主菜還沒來，飯菜吃完了，其他主菜肉類還沒出來，但還是可以在可接受範圍，據說菜可以免費續菜，需要跟店員說，我就跟店員反應要續菜，五分鐘後菜來了，但還有一道主菜香菇還沒來，員工真的少的可憐。
講講菜色很好，很入味，不會太鹹，好吃！員工通常會等到客人菜都到齊後，會出來詢問要不要續菜，這點還不錯，就是服務人員太少，如果是在用餐過程中詢問，就不會等太久了！
還有飲料及冰沙，白飯免費
整體表現還算不錯！所以給五顆星！",5,老鐵醬平價鐵板燒,,3 個月前,0,2
第二次來吃～～還是一樣好吃😋,5,老鐵醬平價鐵板燒,,3 個月前,0,2
食物很好吃！ CP值很高,5,老鐵醬平價鐵板燒,,3 個月前,0,2
加菜吃到爽 爽,5,老鐵醬平價鐵板燒,,上次編輯：3 個月前,0,2
松阪豬好吃、菜可以一直吃,5,老鐵醬平價鐵板燒,,3 個月前,0,2
非常好店家,5,老鐵醬平價鐵板燒,,3 個月前,0,2
好吃 服務很好！,5,老鐵醬平價鐵板燒,,3 個月前,0,2
飯，飲料免費續，連青菜也能續實在太超值了，感動,5,老鐵醬平價鐵板燒,,3 個月前,0,2
非常好粗！ ！,5,老鐵醬平價鐵板燒,,3 個月前,0,2
很好吃～,5,老鐵醬平價鐵板燒,,3 個月前,0,2
餐點好吃，又可以加菜，已經變成吃鐵板燒的第一首選👍,5,老鐵醬平價鐵板燒,,3 個月前,0,2
送汽球喔,5,老鐵醬平價鐵板燒,,3 個月前,0,2
讚👍🏻 …,5,老鐵醬平價鐵板燒,,3 個月前,0,2
常帶家人來吃，地板有點黏,5,老鐵醬平價鐵板燒,,3 個月前,0,2
"出餐迅速
餐點品質豐盛",3,老鐵醬平價鐵板燒,,3 個月前,0,1
好吃的鐵板燒,5,老鐵醬平價鐵板燒,,3 個月前,0,2
"口味剛好，價格實惠
下次會再來光顧",5,老鐵醬平價鐵板燒,,3 個月前,0,2
餐點好吃，每道餐點都用心。,5,老鐵醬平價鐵板燒,,3 個月前,0,2
餐點好吃，廚師如果可以戴口罩更加分,4,老鐵醬平價鐵板燒,,3 個月前,0,2
服務很好👍🏻又非常好吃呦～,5,老鐵醬平價鐵板燒,,3 個月前,0,2
好吃 氣氛佳,5,老鐵醬平價鐵板燒,,3 個月前,0,2
好吃又划算,5,老鐵醬平價鐵板燒,,3 個月前,0,2
打卡送鐵板,5,老鐵醬平價鐵板燒,,3 個月前,0,2
食材好吃😋服務親切 …,5,老鐵醬平價鐵板燒,,3 個月前,0,2
"空間寬敞
餐點選擇多元美味",5,老鐵醬平價鐵板燒,,3 個月前,0,2
出餐速度快，用餐空間寬敞，飲料蠻多選擇的👍 …,5,老鐵醬平價鐵板燒,,3 個月前,0,2
好吃便宜cp高,5,老鐵醬平價鐵板燒,,3 個月前,0,2
味道不錯，整體感受👍 …,5,老鐵醬平價鐵板燒,,3 個月前,0,2
超好吃！,5,老鐵醬平價鐵板燒,,3 個月前,0,2
很好吃喔喔喔,5,老鐵醬平價鐵板燒,,上次編輯：3 個月前,0,2
東西好吃 乾淨 超爽,5,老鐵醬平價鐵板燒,,上次編輯：3 個月前,0,2
來吃好多次了！！非常美味😍,5,老鐵醬平價鐵板燒,,3 個月前,0,2
讚讚讚！,5,老鐵醬平價鐵板燒,,3 個月前,0,2
燈光美氣氛佳，口味適中。,5,老鐵醬平價鐵板燒,,3 個月前,0,2
好吃到哭,5,老鐵醬平價鐵板燒,,3 個月前,0,2
有夠好吃,5,老鐵醬平價鐵板燒,,3 個月前,0,2
環境乾淨、服務好、東西好吃～～,5,老鐵醬平價鐵板燒,,3 個月前,0,2
"做餐飲很辛苦，加一星
但說實在，不好吃，不多說，想試就去，評價很高是洗的。
CP值超低……懶得寫了
好想灌水，難吃不能只有我吃到，歡迎光臨😂",2,老鐵醬平價鐵板燒,,3 個月前,0,0
好吃好吃 好香,5,老鐵醬平價鐵板燒,,3 個月前,0,2
東西好吃 可以吃到飽,5,老鐵醬平價鐵板燒,,3 個月前,0,2
好吃到爽一整晚 一定要來,5,老鐵醬平價鐵板燒,,3 個月前,0,2
好吃 乾淨,5,老鐵醬平價鐵板燒,,3 個月前,0,2
來嚐鮮,5,老鐵醬平價鐵板燒,,3 個月前,0,2
超好吃😋,5,老鐵醬平價鐵板燒,,3 個月前,0,2
服務態度超好！東西好吃😋 …,5,老鐵醬平價鐵板燒,,3 個月前,0,2
便宜好吃,5,老鐵醬平價鐵板燒,,3 個月前,0,2
高麗菜好甜脆，鐵板肉醬香濃郁好下飯,5,老鐵醬平價鐵板燒,,上次編輯：3 個月前,0,2
出餐速度快，還有自自助bar飲料跟白飯吃到飽～～～環境舒適,5,老鐵醬平價鐵板燒,,3 個月前,0,2
好吃 送飲料,5,老鐵醬平價鐵板燒,,3 個月前,0,2
老闆蔬菜無限續👍🏻 …,5,老鐵醬平價鐵板燒,,3 個月前,0,2
可續菜跟白飯吃到飽就很👍,5,老鐵醬平價鐵板燒,,3 個月前,0,2
服務很好👍 …,5,老鐵醬平價鐵板燒,,3 個月前,0,2
服務很好～😍,5,老鐵醬平價鐵板燒,,3 個月前,0,2
豪吃一直吃,5,老鐵醬平價鐵板燒,,3 個月前,0,2
服務態度良好,5,老鐵醬平價鐵板燒,,3 個月前,0,2
平價、選擇豐富,5,老鐵醬平價鐵板燒,,3 個月前,0,2
服務親切！親子友善,5,老鐵醬平價鐵板燒,,3 個月前,0,2
平價好吃的鐵板燒 可以續菜,5,老鐵醬平價鐵板燒,,3 個月前,0,2
老板親切熱情，餐點超級好吃😋 …,5,老鐵醬平價鐵板燒,,3 個月前,0,2
食物好吃、服務良好,5,老鐵醬平價鐵板燒,,3 個月前,0,2
鐵板豆腐很好吃，青菜可以續，推薦大家來吃,5,老鐵醬平價鐵板燒,,3 個月前,0,2
評論有送小菜～,5,老鐵醬平價鐵板燒,,3 個月前,0,2
超棒的鐵板燒,5,老鐵醬平價鐵板燒,,4 個月前,0,2
小黃瓜很好吃,5,老鐵醬平價鐵板燒,,4 個月前,0,2
好吃 經濟實惠,5,老鐵醬平價鐵板燒,,4 個月前,0,2
非常好吃 而且魚CP值特別高 推薦來,5,老鐵醬平價鐵板燒,,4 個月前,0,2
之前因為覺得社恐，所以今天第一次來吃鐵板燒，店員都很讚讚🤩,5,老鐵醬平價鐵板燒,,4 個月前,0,2
"來過很多次了
色香味俱全",5,老鐵醬平價鐵板燒,,4 個月前,0,2
太好吃了,5,老鐵醬平價鐵板燒,,4 個月前,0,2
"中午工作比較晚~
突然想吃鐵板燒，意外發現的新店
本來很擔心停車問題 …",4,老鐵醬平價鐵板燒,,上次編輯：4 個月前,0,2
好吃再來吃,5,老鐵醬平價鐵板燒,,4 個月前,0,2
好吃cp值高,5,老鐵醬平價鐵板燒,,4 個月前,0,2
棒棒,5,老鐵醬平價鐵板燒,,4 個月前,0,2
好吃😋回訪二👍🏻打卡送芒果奶凍🥭,5,老鐵醬平價鐵板燒,,4 個月前,0,2
老闆娘人很好！ ！,5,老鐵醬平價鐵板燒,,4 個月前,0,2
老闆娘人很親切,5,老鐵醬平價鐵板燒,,4 個月前,0,2
哇哩勒贊贊贊,5,老鐵醬平價鐵板燒,,4 個月前,0,2
太好吃啦嚇死,5,老鐵醬平價鐵板燒,,4 個月前,0,2
這邊用餐有飲料，飯無限續等等的好服務,5,老鐵醬平價鐵板燒,,4 個月前,0,2
服務很好！,5,老鐵醬平價鐵板燒,,4 個月前,0,2
好吃要吃,5,老鐵醬平價鐵板燒,,4 個月前,0,2
讚 好吃,5,老鐵醬平價鐵板燒,,4 個月前,0,2
很有生活,5,老鐵醬平價鐵板燒,,4 個月前,0,2
很美味😋 …,5,老鐵醬平價鐵板燒,,4 個月前,0,2
環境很讚,5,老鐵醬平價鐵板燒,,4 個月前,0,2
餐點好吃😋 …,5,老鐵醬平價鐵板燒,,4 個月前,0,2
餐點不錯,5,老鐵醬平價鐵板燒,,4 個月前,0,2
服務好～ 餐點好吃😋,5,老鐵醬平價鐵板燒,,4 個月前,0,2
空間大，炒的菜好吃,5,老鐵醬平價鐵板燒,,4 個月前,0,2
高麗菜吃起來會有酸味，店員都在聊天也不帶口罩。,1,老鐵醬平價鐵板燒,,4 個月前,0,0
座位多，白飯飲料無限,5,老鐵醬平價鐵板燒,,4 個月前,0,2
服務態度很好 東西也都很新鮮 味道很合我胃口值得推薦,5,老鐵醬平價鐵板燒,,4 個月前,0,2
讚👍好吃 …,5,老鐵醬平價鐵板燒,,4 個月前,0,2
好吃！讚喔～,5,老鐵醬平價鐵板燒,,4 個月前,0,2
好欸好小菜好欸,5,老鐵醬平價鐵板燒,,4 個月前,0,2
👍👍👍好吃！超值！,5,老鐵醬平價鐵板燒,,4 個月前,0,2
飯跟菜免費加，讚,5,老鐵醬平價鐵板燒,,4 個月前,0,2
環境明亮 冷氣很強 用餐環境很舒服,5,老鐵醬平價鐵板燒,,4 個月前,0,2
環境明亮,5,老鐵醬平價鐵板燒,,4 個月前,0,2
離家近的鐵板燒。服務良好，餐點準時，用餐氣氛好。白飯、飲料、湯喝到飽。,5,老鐵醬平價鐵板燒,,4 個月前,0,2
好吃。菜吃到飽,5,老鐵醬平價鐵板燒,,4 個月前,0,2
好吃~,5,老鐵醬平價鐵板燒,,4 個月前,0,2
非常好吃，服務也很棒,5,老鐵醬平價鐵板燒,,4 個月前,0,2
打卡換飲料,5,老鐵醬平價鐵板燒,,4 個月前,0,2
餐點好吃 服務很好,5,老鐵醬平價鐵板燒,,4 個月前,0,2
好飽,5,老鐵醬平價鐵板燒,,4 個月前,0,2
好吃!,5,老鐵醬平價鐵板燒,,4 個月前,0,2
東西好吃店員熱情！,5,老鐵醬平價鐵板燒,,4 個月前,0,2
東西好吃 可以續飯,5,老鐵醬平價鐵板燒,,4 個月前,0,2
好吃料又多,5,老鐵醬平價鐵板燒,,4 個月前,0,2
菜可以吃到飽,5,老鐵醬平價鐵板燒,,上次編輯：4 個月前,0,2
好吃，超讚👍 …,5,老鐵醬平價鐵板燒,,4 個月前,0,2
東西很好吃 菜也很好吃,5,老鐵醬平價鐵板燒,,4 個月前,0,2
👍🏿,5,老鐵醬平價鐵板燒,,4 個月前,0,2
經濟實惠,5,老鐵醬平價鐵板燒,,4 個月前,0,2
餐點佳 服務好,5,老鐵醬平價鐵板燒,,4 個月前,0,2
吃了好多次 用餐都很開心 大推,5,老鐵醬平價鐵板燒,,4 個月前,0,2
划算好吃吃得飽！,5,老鐵醬平價鐵板燒,,4 個月前,0,2
超多的菜，雙人套餐，應該是要說三人套餐了，老闆娘好親切，下次一定要在來,5,老鐵醬平價鐵板燒,,4 個月前,0,2
"680雙人海鮮套餐 量很多不錯吃
Cp值很高",5,老鐵醬平價鐵板燒,,4 個月前,0,2
吃晚餐,5,老鐵醬平價鐵板燒,,4 個月前,0,2
餐點好吃，選擇多👍 …,5,老鐵醬平價鐵板燒,,4 個月前,0,2
第一吃，如果好吃會在考慮再來吃這間,5,老鐵醬平價鐵板燒,,4 個月前,0,2
好吃便宜又大碗,5,老鐵醬平價鐵板燒,,4 個月前,0,2
店員親切,5,老鐵醬平價鐵板燒,,4 個月前,0,2
"近期才開幕的鐵板燒店，距離我公司不到300公尺，今天中午前往嚐鮮。

店員服務態度很親切，也願意配合客人需求，像我今天跟他們溝通，希望餐點少油或無油，他們真的完全沒有用油。單憑這一點，我會很願意常常前來用餐。 …",5,老鐵醬平價鐵板燒,,上次編輯：4 個月前,1,2
一週至少吃一次,5,老鐵醬平價鐵板燒,,4 個月前,0,2
"好吃的鐵板燒
划算
重口味",5,老鐵醬平價鐵板燒,,4 個月前,0,2
店內環境乾淨明亮,5,老鐵醬平價鐵板燒,,4 個月前,0,2
東西很好吃,5,老鐵醬平價鐵板燒,,4 個月前,0,2
服務很好～好吃😋 …,5,老鐵醬平價鐵板燒,,4 個月前,0,2
想吃鐵板燒都會來吃這間 吃不膩,5,老鐵醬平價鐵板燒,,4 個月前,0,2
"第一次到這邊吃飯是由朋友介紹
鐵板炒出來的青菜很有香氣
這次點的是素食の紅燒鐵板豆腐+羊肉 …",5,老鐵醬平價鐵板燒,,4 個月前,0,2
好吃 湯料也很多,5,老鐵醬平價鐵板燒,,4 個月前,0,2
好吃的食物,5,老鐵醬平價鐵板燒,,4 個月前,0,2
"2025/07/13初訪，以價格來說份量真的是略少，附上的高麗菜跟豆芽菜都有加入醬汁拌炒，第一次味道不夠吃起來沒什麼特殊，第二次非常重口有醬香味但是太鹹了，味道掌控不太行，口味到是其次！（後續會提到重點….），老闆娘態度很好，店家辦活動評價送飲料，飲料不錯喝，從老闆娘態度能體會經營一家店要付出的心血以及不容易，所以更要講出來，這次用餐感覺最差的是，整間店廚師口罩戴在下巴上完全沒遮蔽口鼻，不論是客人進出店員打招呼，或是喊菜溝通等等，導致口沫橫飛，衛生問題大大的扣分！我第一盤菜裡面還夾雜一根頭髮！整體來說衛生不及格，別讓衛生問題毀了努力經營的店，衷心建議開放廚更要注意衛生畢竟跟客人面對面一切都看在客人眼裡，希望能改善！

2025/11/1二訪環境良好 味道掌控得宜 廚師衛生依舊沒戴口罩….",4,老鐵醬平價鐵板燒,,上次編輯：4 個月前,0,2
餐點好吃，服務NICE,5,老鐵醬平價鐵板燒,,4 個月前,0,2
老闆娘和負責鐵板燒的師傅即使很忙，但都還是很親切，給予了滿滿的情緒價值啊！空間寬敞而且冷氣夠冷，用餐環境很舒適喔！,5,老鐵醬平價鐵板燒,,4 個月前,0,2
餐點好吃，服務很好,5,老鐵醬平價鐵板燒,,4 個月前,0,2
超級好吃！,5,老鐵醬平價鐵板燒,,4 個月前,0,2
餐點新鮮好吃，cp值高,5,老鐵醬平價鐵板燒,,4 個月前,0,2
餐點好吃，還有飲料吧可以喝很讚😎 …,5,老鐵醬平價鐵板燒,,4 個月前,0,2
"第二次加的高麗菜故意不加鹽（為何說故意，因為這已經是第二次了，上一次去吃已經是這樣子了，也是加菜的時候不加鹽，那次想說就算了就把它吃完了，沒想到這次又這樣，怕人家加菜就不要讓人家加啊），超級難吃，拿第一次出餐的高麗菜去跟廚師理論，廚師態度極差，連假意說聲不好意思忘了加鹽都不會。問老闆娘，就說口味是個人的問題，明擺著兩盤菜給他試吃，也不會承認沒有加鹽，那時我就知道原來是從上到下就是這樣子了，這種店你們喜歡去就去吧。
之前沒看以前的評論，看了最近的評論才知道我踩雷了，各位去之前一定要看一下最低的評論。",1,老鐵醬平價鐵板燒,,上次編輯：4 個月前,0,0
店員態度差上菜盤子用丟的  衛生問題有待加強,1,老鐵醬平價鐵板燒,,4 個月前,0,0
主菜好吃又會免費加菜，但是自助區的湯不到六點就沒有繼續補了，想喝喝不到。,5,老鐵醬平價鐵板燒,,4 個月前,0,2
飯菜都吃到飽 啊肉也蠻便宜的,5,老鐵醬平價鐵板燒,,4 個月前,0,2
菜色不錯，青菜可以續~,5,老鐵醬平價鐵板燒,,4 個月前,0,2
菜可以免費續、菲力跟羊肉也都很好吃！！覺得物超所值 一定回訪！！！,5,老鐵醬平價鐵板燒,,4 個月前,0,2
現場人員都很親切，炒的很下飯，小孩說很好吃！,5,老鐵醬平價鐵板燒,,4 個月前,0,2
餐點好吃，環境舒服，讚讚,5,老鐵醬平價鐵板燒,,4 個月前,0,2
"晚上來吃人不像中午那麼多人
內向的我比較敢踏進來吃

😍豆腐超好吃 自助吧有個芭樂檸檬好喝",5,老鐵醬平價鐵板燒,,4 個月前,0,2
服務態度佳，餐點推,5,老鐵醬平價鐵板燒,,上次編輯：4 個月前,0,2
從開幕吃到現在，唯有10月17晚上用餐體驗真糟糕，外場收桌兼送餐雙手刺青比較有肉那位男新進人員臉超臭又沒禮貌（不是站煎檯瘦的那位）收桌杯子盤子都用丟的很大聲影響用餐心情，聽到客人要衛生紙直接轉頭就走超沒禮貌，送餐直接東西丟了就走，連講哪盤有辣沒辣都不會，其他送來的餐點也不確認好是不是我們的丟了就走，好像我們來用餐欠你幾百萬，老闆請到這樣的員工真雖小，老闆娘平常都很客氣的，昨天忙照顧小孫女，沒時間招呼客人，請到這樣態度超差的員工真的會幫你趕走很多客人，下次要用餐看到那男員工有上班要直接去別間吃,1,老鐵醬平價鐵板燒,,4 個月前,0,0
帶小朋友吃飯，點了小辣，師傅還是詢問需不需另要炒點不辣的青菜給小朋友吃，菜量也會詢問要不要多一點，餐飲業的貼心，感受的到,5,老鐵醬平價鐵板燒,,4 個月前,0,2
白飯自由拿取，可以加菜，而且是好吃的（這很重要）,5,老鐵醬平價鐵板燒,,4 個月前,0,2
"從開幕吃到現在，覺得店裏的環境衛生越來越差，之前是走到白飯與湯那個區域會聞到味道，最近一次坐在位子上就聞到怪味，很像一間很老的餐館很少打掃，清洗地板，那種怪味

飲料區也是越來越髒的感覺

店家畢竟是做餐飲的，衛生應該要注重",2,老鐵醬平價鐵板燒,,4 個月前,0,0
"用餐空間舒適不擁擠
適合帶小孩用餐（推車可進）
口味服務也不錯 …",5,老鐵醬平價鐵板燒,,5 個月前,0,2
"跟同等級的鐵板燒相比偏貴偏難吃
鐵醬X肉系列有80%都是肥肉🤢吃個寂寞
其他主餐肉質硬又難吃
難得高麗菜跟豆芽菜也不好吃
奶油金針菇是用大量乳瑪琳煮的不健康外味道又難以下嚥
雷",1,老鐵醬平價鐵板燒,,5 個月前,0,0
"我覺得滿好吃,可惜是餐點沒有放在鐵板上,久了會冷掉*餐點的部分-豆芽菜比較鹹一點 高麗菜味道比較淡一點 牛肉味道剛剛好 有吃現炒牛肉的感覺* 不貴 自助區部分-還有冰沙可以享用 湯普普 飲料就順口！環境上滿舒服的.^~^",4,老鐵醬平價鐵板燒,,上次編輯：5 個月前,0,2
食物好吃 服務完善！,5,老鐵醬平價鐵板燒,,5 個月前,0,2
朋友推薦來吃，結果超雷，牛肉可以硬到咬不動堪比口香糖，比夜市鐵板燒還不如，雞肉和魚都沒味道,2,老鐵醬平價鐵板燒,,5 個月前,0,0
評價 好吃 師傅都很帥,5,老鐵醬平價鐵板燒,,5 個月前,0,2
"總共四顆星 兩顆Google強迫的兩顆給炒菜師傅
服務：結帳的是怎樣欠你錢嗎？現場炒菜很吵，聽不清楚再問一次怎麼了嗎？翻白眼加仰望天花板嘆了口氣，不想上班有本事可以躺平。 …",1,老鐵醬平價鐵板燒,,上次編輯：5 個月前,0,0
服務好  餐點也好吃,5,老鐵醬平價鐵板燒,,5 個月前,0,2
看起來很好吃🎉 …,5,老鐵醬平價鐵板燒,,上次編輯：5 個月前,0,2
香！,5,老鐵醬平價鐵板燒,,5 個月前,0,2
之前就來過，送餐速度快，餐點好吃,5,老鐵醬平價鐵板燒,,5 個月前,0,2
平價好吃,5,老鐵醬平價鐵板燒,,5 個月前,0,2
"CP值高，價格和理，
好吃！",5,老鐵醬平價鐵板燒,,5 個月前,0,2
大推,5,老鐵醬平價鐵板燒,,5 個月前,0,2
又來吃好吃的鐵板燒料理～,5,老鐵醬平價鐵板燒,,5 個月前,0,2
"圖片為鐵板豆腐、奶油杏鮑菇
內用有湯、飯、飲料、冰沙自助吧！",5,老鐵醬平價鐵板燒,,5 個月前,0,2
用餐時間明顯店裡較忙碌，所以先把肉品上來才上高麗菜，沒想到高麗菜非常的軟爛&鹹，同行友人吃到下面才發現菜裡面有一根毛髮（沒有拍到照），我的高麗菜最下面也有不明物體（看起來像是螞蟻？），但後來加菜的那一份就跟之前吃的一樣很脆、正常，今日讓我有點錯愕，因為之前吃了很多次都沒有這種情形發生。,2,老鐵醬平價鐵板燒,,5 個月前,0,0
整體菜品價格跟口味都還可以，不過高麗菜偏生有生味，怕生味可以跟工作人員說熟一點，雖然我沒有點雞腿，但雞腿看起來很好吃，肉類感覺都挺新鮮的，蛤蜊的確炒的有點乾，大概就這樣,5,老鐵醬平價鐵板燒,,5 個月前,0,2
"豆芽菜很好吃 用餐環境不錯
店員人很好",5,老鐵醬平價鐵板燒,,5 個月前,0,2
雙人套餐吃超飽 內用白飯青菜吃到飽,5,老鐵醬平價鐵板燒,,5 個月前,0,2
"用餐環境很舒服，白飯、飲料吃到飽
食物也不錯
青菜個人口味覺得蠻好吃的！可以來吃看看",5,老鐵醬平價鐵板燒,,上次編輯：5 個月前,0,2
好吃，服務好，親切,4,老鐵醬平價鐵板燒,,5 個月前,0,2
有烏梅冰沙！,5,老鐵醬平價鐵板燒,,5 個月前,0,2
新的店 感覺很忙 好ㄘ：）,5,老鐵醬平價鐵板燒,,5 個月前,0,2
"環境很髒亂，檯面上都是油污，桌子沒擦。
整間店的服務人員只有一個人有戴口罩，其他的都沒戴，而且態度非常的差。
白飯很好吃，其他的餐點一般。",1,老鐵醬平價鐵板燒,,5 個月前,0,0
平價好吃，環境舒適,5,老鐵醬平價鐵板燒,,5 個月前,0,2
好吃 冷氣很涼 環境舒適,5,老鐵醬平價鐵板燒,,5 個月前,0,2
內用菜可以續盤喔,5,老鐵醬平價鐵板燒,,5 個月前,0,2
好吃！會再來,5,老鐵醬平價鐵板燒,,5 個月前,0,2
新開幕,5,老鐵醬平價鐵板燒,,5 個月前,0,2
內用菜可以一直續很讚！,5,老鐵醬平價鐵板燒,,5 個月前,0,2
吃好幾次了，東西很好吃,5,老鐵醬平價鐵板燒,,5 個月前,0,2
肚子餓來吃好吃平價的鐵板燒，店員人蠻好，自助吧也很多，整體環境很乾淨。,5,老鐵醬平價鐵板燒,,5 個月前,0,2
嚐鮮，好吃，美味。,5,老鐵醬平價鐵板燒,,5 個月前,0,2
用餐環境舒適,5,老鐵醬平價鐵板燒,,5 個月前,0,2
很棒的服務,5,老鐵醬平價鐵板燒,,5 個月前,0,2
"點兩份外帶，說兩份都不要豆芽菜，結果兩份都有豆芽菜，那就算了..
肉真的味道有夠重，雞肉跟羊肉味道都超級重，不懂為什麼肉腥味會重成這樣",1,老鐵醬平價鐵板燒,,5 個月前,0,0
午餐來吃，餐點不錯！,5,老鐵醬平價鐵板燒,,5 個月前,0,2
還不錯，大家可以來吃吃看＾＾,5,老鐵醬平價鐵板燒,,5 個月前,0,2
"自助吧好吃 店員有禮貌
不過沒有小孩餐具要自己帶 有餐椅還不錯
食物好吃可以客製化",5,老鐵醬平價鐵板燒,,5 個月前,0,2
食物很好吃，自助吧種類很多,5,老鐵醬平價鐵板燒,,5 個月前,0,2
"服務很好
態度親切",5,老鐵醬平價鐵板燒,,5 個月前,0,2
昨晚第一次前往用餐，雖然餐點延誤（晚餐時段人好多喔），唯一美中不足地方，但我還是願意給予高評價，真的好吃😋⋯⋯,5,老鐵醬平價鐵板燒,,5 個月前,0,2
平價 好吃  下班後的好選擇,5,老鐵醬平價鐵板燒,,5 個月前,0,2
偶爾來吃cp值挺高的鐵板燒，白飯無限吃很少見必須推。,5,老鐵醬平價鐵板燒,,上次編輯：5 個月前,0,2
白飯飲料無限量供應，評論還送珍珠奶茶布丁,5,老鐵醬平價鐵板燒,,5 個月前,0,2
好吃、效率好,5,老鐵醬平價鐵板燒,,5 個月前,0,2
菜色多樣服務好,5,老鐵醬平價鐵板燒,,5 個月前,0,2
好吃，適合學生的價位跟份量,5,老鐵醬平價鐵板燒,,6 個月前,0,2
"看評論找的！真的好吃欸！❤️
會再來～阿迪們很帥很有禮貌",5,老鐵醬平價鐵板燒,,6 個月前,0,2
很好吃～菜可以吃到飽～開心,5,老鐵醬平價鐵板燒,,6 個月前,0,2
店內舒適乾淨 餐點好吃 菜可以續！,5,老鐵醬平價鐵板燒,,6 個月前,0,2
"東西好吃
主廚服務態度好
價格也很親民",5,老鐵醬平價鐵板燒,,6 個月前,0,2
東西好吃😋、服務態度非常好、價格經濟實惠👍 …,5,老鐵醬平價鐵板燒,,6 個月前,0,2
食物好吃又新鮮，出餐速度快，環境乾淨，推薦！,5,老鐵醬平價鐵板燒,,6 個月前,0,2
高麗菜完全沒有味道，那我直接去吃健康餐就好了，服務態度也很差，禮貌問一下加的菜要來了嗎？店員直接一句：啊我現在在炒了啊？啊請問我是來當客人的還是欠你錢要被你討債？態度那麼差是炒菜炒到有躁鬱症了是不是。,1,老鐵醬平價鐵板燒,,6 個月前,0,0
老鐵匠的鐵板燒真的讚！師傅手藝精湛，食材新鮮，服務親切熱情。價格合理，CP值很高！,5,老鐵醬平價鐵板燒,,6 個月前,0,2
餐點很好吃😋，飯青菜湯飲料可以再續，青少年朋友吃的很飽很開心 …,5,老鐵醬平價鐵板燒,,上次編輯：6 個月前,0,2
食物算好吃，但是服務品質不夠，服務人員沒帶口罩衛生有待加強,2,老鐵醬平價鐵板燒,,6 個月前,0,0
"一進去就有一個臭味，越靠近自助吧味道越重，像是抹布用很久都沒洗臭掉的味道，看進去工作區域整個很髒亂衛生程度堪憂⋯也有蒼蠅出現

看了評分才去的。評分會那麼高是因為店裡有打卡5顆星送點心飲品的活動⋯大家為了贈品不得以才打5顆星的，浪費一餐的熱量在這間餐廳真的令人生氣

一進去店裡給菜單也沒有帶位，說空位都可以做，店內約三四組客人，其餘煎台旁的位子全部是用餐痕跡完全沒有收拾（約略有5.6個位子沒收拾），店員服務態度堪憂

高麗菜有苦味且很多黑色的菜葉，可能為了省成本受傷氧化的菜沒有挑掉一樣上才給客人吃，羊肉有不新鮮的味道，蜜汁雞腿排出了一絲甜味其餘完全沒有任何調味⋯

希望大家可以看到我的評論，不要被打卡活動的5顆星騙了⋯",1,老鐵醬平價鐵板燒,,6 個月前,1,0
"我真的只能給兩個星⋯⋯
高麗菜很生偏硬🥲
牛肉過熟 …",2,老鐵醬平價鐵板燒,,6 個月前,0,0
"整間店有一股難聞的氣味，感覺是煎台內地板還有抹布留在桌面的味道

東西味道尚可、服務也很熱情
可是那股味道瀰漫……再好吃的東西沒有什麼胃口
希望可以改善",2,老鐵醬平價鐵板燒,,6 個月前,0,0
"+點高麗菜等了約15分，等到有客人進來再一起炒高麗菜出來.
蚵仔偏鹹.",3,老鐵醬平價鐵板燒,,6 個月前,0,1
"之前常去吃,但昨天失望了點三份餐點,其中香蒜雞腿排,吃起來超粉的沒什麼味道,本來想告知店家咖啡昨天也故障,不會在過去吃了,
其他兩份餐點就還可以,",2,老鐵醬平價鐵板燒,,6 個月前,0,0
五星送東西，餐點普普通通裡面環境覺得沒有很乾淨，可能油煙太多。可以刷卡💴，自助吧飲料機有點髒髒的，機台都沒擦。不過服務還不錯👍鐵板燒算普通。 …,3,老鐵醬平價鐵板燒,,上次編輯：6 個月前,0,1
"2025/8/13現在又有打卡活動了！
開幕第一個月就趕快來朝聖，店內湯品+白飯+飲料還有蔬菜都是吃到飽，現在到十月底還有打卡送金針菇的活動，讚啦",5,老鐵醬平價鐵板燒,,上次編輯：7 個月前,1,2
"下午時間還有營業很幸運，過了用餐時間下午沒有客人。

點了基本的羊肉，蔥蛋。隨餐附上豆芽菜，高麗菜。豆芽菜給的量很多，有加醬汁去炒。羊肉的醬汁鹹甜，很下飯。飲料，白飯無限自取。",4,老鐵醬平價鐵板燒,,7 個月前,0,2
"餐點不錯
但咖啡機不行",3,老鐵醬平價鐵板燒,,7 個月前,0,1
餐點普通，消費至少也有十幾次了，上次打卡送飲料其他桌都有問卻直接略過我們家這一桌，另外要續高麗菜也常忘記，看起來只想做熟客的單，很失望，下次不會再關顧了,1,老鐵醬平價鐵板燒,,7 個月前,0,0
"極度不衛生，不帶口罩，還在炒菜，用手撥頭髮抓頭皮，沒洗手，還炒菜……
一次性用餐，沒下次",1,老鐵醬平價鐵板燒,,7 個月前,0,0
環境清潔，價位合理，不需久等,4,老鐵醬平價鐵板燒,,7 個月前,0,2
"真的太好吃了！我決定以後都來這間了 飲料飯湯吃到飽，餐點新鮮又好吃不油膩！！
#更
昨天來吃應該沒有10次也有第8次了 我發現每次來 服務員都不太一樣，才終於知道原因.. …",5,老鐵醬平價鐵板燒,,上次編輯：7 個月前,0,2
"評價如此高是因為好評送飲料嗎😓
食物中規中矩，青菜是清淡口味（沒什麼味道）
牛菲力真的老到完全咬不動，不知道在吃什麼東西…
環境有待加強，桌子跟餐具都是濃濃的臭抹布味，真的有夠臭😰地板也黏黏滑滑的
唯一的好評就是闆娘跟師傅們的服務態度非常好👍",3,老鐵醬平價鐵板燒,,7 個月前,0,1
全家大小原本開心來吃飯，標榜有加菜，但等很久，店員態度不佳，嗆聲生意很好等一下不行嗎，後來離開時起身不小心撞到就說我們是故意的發生激烈爭吵，是很有「江湖個性」的店家，在店內大吵不歡而散，不會再來了！也會提醒週邊親友，這麼江湖做生意的公司，適合金盆洗手風格的店員，從上到下都一個個性的主管跟店員，真蚌！ …,1,老鐵醬平價鐵板燒,,7 個月前,0,0
味道普，加菜體驗不佳，等很久，還看到隔壁桌跟店員吵起來蠻扯的，應該不會再來（五顆星送飲料）,2,老鐵醬平價鐵板燒,,7 個月前,0,0
不好吃，用飲料換5顆星評價的店家，大家不要踩雷了！,1,老鐵醬平價鐵板燒,,上次編輯：7 個月前,1,0
好吃～ 環境不錯～ 多選擇！,5,老鐵醬平價鐵板燒,,上次編輯：7 個月前,0,2
"來10次有11次都是高高黑黑的師傅炒的
服務態度有跟沒有一樣
一副我欠你好幾千萬的臉 …",3,老鐵醬平價鐵板燒,,7 個月前,0,1
餐點好吃😋讚👍,5,老鐵醬平價鐵板燒,,上次編輯：8 個月前,0,2
自助吧飲料超好喝，芭樂汁加綠茶絕配，才可以免費續，炒肉口味比較重，店員很親切會問吃飽沒～高麗菜偏硬,4,老鐵醬平價鐵板燒,,8 個月前,0,2
"看評價蠻高分，所以特地來吃，剛開始覺得櫃台還蠻有效率，雖是週末，一時等待的人很多，但還是很快入座了，冷氣很夠涼，空間又蠻大，櫃台感覺也蠻有元氣有禮貌。

點了豬肉、比目魚、蔥蛋，上菜蠻快，口味普通偏淡，每道菜份量都不大，豬肉超少，沒幾塊肉，蔥蛋煎得偏乾，但高麗菜可以續還不錯。

坐在兩人位的小桌子，桌面很小，邊吃完邊疊空盤，店員邊上菜時，都沒有要收空盤的意思。本來覺得一切沒到很差，有優點有缺點，還算中規中矩，直到我續的高麗菜上桌時，我們笑了。

- 首先那時店內並不忙碌，第一次一人續一份菜時，桌面已滿到剩一人前面有空間放，他沒有打算加減拿空盤走，就直接上兩份菜在同一人前面，這就算了...

- 第二次我只續一份高麗菜時，我把人前空間清出，將所有空盤疊在一起，店員居然啪一聲把菜疊在我已經放垃圾吃完的空盤上，直接給我疊疊樂，我整個蛤？？😂  太奇葩了吧，實在哭笑不得😂

總之，食物普通，而上菜的店員素質實在有待加強...",2,老鐵醬平價鐵板燒,,8 個月前,0,0
"點了蝦仁，非常難吃是那種脆脆的很奇怪的口感吃一口就想放棄
結帳櫃台把地板設計的非常高、讓顧客必須仰望店員才能溝通，不知道老闆這樣的設計是存著什麼心思",1,老鐵醬平價鐵板燒,,8 個月前,0,0
冷門時段去用餐，覺得失望，聽朋友說可以續菜，但跟鐵板燒師父說要續菜，對方說好，但一直沒續，別桌的菜都上了，我們等了很久還是沒有，牛小排覺得不錯，但其他的，鐵板豆腐、鮮蚵、雞肉，都蠻鹹的，不會再想去了,1,老鐵醬平價鐵板燒,,8 個月前,0,0
價位平價能加菜飯吃到飽，第一次吃感覺很好，第二次去加菜，菜完全沒有味道而且都是菜梗。,3,老鐵醬平價鐵板燒,,8 個月前,0,1
大里附近剛開沒多久ㄉ，雖然青菜能吃到飽（但要自己說）肉跟蛤蜊都被炒的很乾沒有汁水...,2,老鐵醬平價鐵板燒,,8 個月前,0,0
才走到位子，青菜就送到了，我都還沒點餐，冷氣很冷青菜立刻冷掉，主餐又上很慢，而且青菜炒辣也都沒味道….優點就是飲料多、飯無限吃，雞腿排好吃，青菜真的不行,2,老鐵醬平價鐵板燒,,8 個月前,0,0
今天晚上跟老公去吃，覺得份量有比一般鐵板燒少，那時候我們先詢問師傅能不能加菜，結果師傅却跑去其他人那邊，這沒事 師傅回來 他裝沒事  我們又再詢問一次，但是他口氣讓我覺得有點不舒服 喔…可以啊 要什麼菜 。如果不行我們不會勉強，這邊可能是一次店吧！,2,老鐵醬平價鐵板燒,,8 個月前,0,0
東西好吃又平價，服務人員服務佳,5,老鐵醬平價鐵板燒,,8 個月前,0,2
牛肉味道還不錯，但是感覺份量有點少；雞腿皮有酥脆，但是感覺沒什麼味道。上菜速度很慢，明顯人手不足，自助區杯碗也來不及補，飲料也沒補。覺得還有改進的空間,3,老鐵醬平價鐵板燒,,8 個月前,0,1
牛肉好吃,5,老鐵醬平價鐵板燒,,8 個月前,0,2
有送飲料,5,老鐵醬平價鐵板燒,,8 個月前,0,2
"附近有付費停車格

空間寬敞、乾淨、明亮

服務態度非常好、出餐速度很快

口味普通、菜色多樣、可以有下次",4,老鐵醬平價鐵板燒,,8 個月前,0,2
好吃，回訪好幾次了！☺️,5,老鐵醬平價鐵板燒,,8 個月前,0,2
好吃，價格便宜,5,老鐵醬平價鐵板燒,,8 個月前,0,2
味道不錯,5,老鐵醬平價鐵板燒,,8 個月前,0,2
東西很好吃，價格很平價，服務態度很好！推！,5,老鐵醬平價鐵板燒,,8 個月前,0,2
東西很好吃～出餐速度很快！服務態度很好！每個工作人員都很親切，不會因為忙碌而態度不佳，還會問有沒有吃飽！超讚👍推推,5,老鐵醬平價鐵板燒,,8 個月前,0,2
好棒,5,老鐵醬平價鐵板燒,,8 個月前,0,2
200分,5,老鐵醬平價鐵板燒,,8 個月前,0,2
第一次來！氣氛很好喜歡😍 …,5,老鐵醬平價鐵板燒,,8 個月前,0,2
好吃平價,5,老鐵醬平價鐵板燒,,8 個月前,0,2
好吃平價口味佳,5,老鐵醬平價鐵板燒,,8 個月前,0,2
"好吃評價CP高，老闆娘很親切
廚師好廚藝，專業出菜快
推薦大家來吃！",5,老鐵醬平價鐵板燒,,8 個月前,0,2
很好吃唷！口味很夠，喜歡👍,5,老鐵醬平價鐵板燒,,8 個月前,0,2
很好吃服務👍 …,5,老鐵醬平價鐵板燒,,8 個月前,0,2
"第一次鐵板燒就覺得這間很好吃
很愛",5,老鐵醬平價鐵板燒,,8 個月前,0,2
環境衛生乾淨 東西好吃,5,老鐵醬平價鐵板燒,,8 個月前,0,2
很好吃😋服務不錯👍 …,5,老鐵醬平價鐵板燒,,8 個月前,0,2
好的,5,老鐵醬平價鐵板燒,,8 個月前,0,2
個人口味比較清淡，下次會提前告知少油及醬汁，煎雞腿排好吃😋,4,老鐵醬平價鐵板燒,,8 個月前,0,2
食材新鮮服務態度好,4,老鐵醬平價鐵板燒,,8 個月前,0,2
"一星地圖的最低分，不是我的
餐點非常普通，甚至是差勁
整間店有一個很不舒服的味道",1,老鐵醬平價鐵板燒,,8 個月前,0,0
整體ok，不會太鹹,4,老鐵醬平價鐵板燒,,8 個月前,0,2
超級讚 二訪～～～,5,老鐵醬平價鐵板燒,,8 個月前,0,2
"比大埔鐵板燒好吃
目前大里最好吃",5,老鐵醬平價鐵板燒,,8 個月前,0,2
餐點好吃、店內人員招待熱情有活力、還有提供自助飲料，下次一定要再來！,5,老鐵醬平價鐵板燒,,8 個月前,0,2
物超所值，美味料理,5,老鐵醬平價鐵板燒,,8 個月前,0,2
"服務超棒👍
餐點好吃❤️ …",5,老鐵醬平價鐵板燒,,8 個月前,0,2
環境舒適、用餐很好。,5,老鐵醬平價鐵板燒,,8 個月前,0,2
這餐廳必須給到6顆星🌟🌟🌟🌟🌟🌟，菜好吃到沒味道沒有鹹，主食也很棒，我點的是單人套餐菲力牛加奶油金針菇還有一份香酥雞腿排，菲力牛中規中矩，金針菇好吃到需要一直喝水（鹹😵‍💫），雞腿排也好吃到沒味道沒鹹，給到6顆星是因為實在是太棒了，棒到我不會再去吃第二次，還有服務人員很多可以照料到每位顧客沒錯，但帽子不知道會不會帶，帽子後面調鬆緊的調最緊然後放在頭上，非常懷疑菜裡面如果有頭髮的話會是工作人員的呦🤩，最後總覺得五星是拿來兌換飲料、果凍的呦，實在是太棒了🙂🙂,1,老鐵醬平價鐵板燒,,8 個月前,0,0
餐點味道、口感很不錯，亦有飲料、湯、飯等簡單的自助區可供無限享用。服務、配合度與CP值都很高，是相當值得推薦回訪的店家。,5,老鐵醬平價鐵板燒,,8 個月前,0,2
東西平價又好吃！,5,老鐵醬平價鐵板燒,,8 個月前,0,2
老鐵鐵板燒食材新鮮，師傅手藝精湛，料理現煎香氣撲鼻，口感絕佳，服務親切，是值得再訪的美味饗宴。,5,老鐵醬平價鐵板燒,,8 個月前,0,2
東西好吃 回訪好多次了,5,老鐵醬平價鐵板燒,,8 個月前,0,2
松阪豬好吃,5,老鐵醬平價鐵板燒,,8 個月前,0,2
打卡送珍奶,5,老鐵醬平價鐵板燒,,8 個月前,0,2
已購買，小孩愛吃,5,老鐵醬平價鐵板燒,,8 個月前,0,2
"店內人山人海非常忙碌
但是餐點依舊好吃不馬虎
推薦大家來用餐
讚讚讚🙌🏻👍🏻 …",5,老鐵醬平價鐵板燒,,8 個月前,0,2
好吃、方便,5,老鐵醬平價鐵板燒,,8 個月前,0,2
口味不錯份量十足,5,老鐵醬平價鐵板燒,,8 個月前,0,2
餐點好吃，特別是鉄板豆腐！,5,老鐵醬平價鐵板燒,,8 個月前,0,2
東西好吃 評價 店員帥,5,老鐵醬平價鐵板燒,,8 個月前,0,2
好吃 真香,5,老鐵醬平價鐵板燒,,8 個月前,0,2
非常好吃，上餐速度也很快，白飯還可以吃到飽，非常適合來。,5,老鐵醬平價鐵板燒,,8 個月前,0,2
超好吃的 CP值超高的 讚！,5,老鐵醬平價鐵板燒,,8 個月前,0,2
非常好吃，附近停車位也很多,5,老鐵醬平價鐵板燒,,8 個月前,0,2
態度有夠差，不知道在跩什麼,1,老鐵醬平價鐵板燒,,8 個月前,0,0
燈光明亮,5,老鐵醬平價鐵板燒,,8 個月前,0,2
環境明亮，東西好吃，服務親切,5,老鐵醬平價鐵板燒,,8 個月前,0,2
"第一次來時，應該是剛開幕，那時點海鮮很明顯有苦味，員工經過我們同意試吃，很大聲的表示完全沒有苦味，而且很新鮮，由於味覺因人而異，我們也就不追究。

第二次再來吃，我們表示要加菜，等了非常久，提醒了兩次才送上來，更誇張的是送上來的菜量不到原本的1/2甚至1/3，我們反應份量太少，手臂刺青的男店員，很大聲的對我們喊 還是炒這一整鍋給你！用嘲諷的語氣讓人很不舒服，態度差又大聲，已經沒有心情吃飯了，我們說不用，但店員還是硬送上來。

過沒多久戴眼鏡的男店員送上一份荷包蛋說請我們吃，但他把荷包蛋放在我們面前的方式，是有點甩出來放的，非常沒有禮貌，看不出來是要表達什麼？

員工訓練真的要加強，不是每一道菜上完很大聲的說謝謝你 就叫有禮貌",1,老鐵醬平價鐵板燒,,8 個月前,2,0
好吃有料,5,老鐵醬平價鐵板燒,,8 個月前,0,2
餐點多，環境好,5,老鐵醬平價鐵板燒,,8 個月前,0,2
用餐環境乾淨、白飯可以無限續，真的挺不錯的,5,老鐵醬平價鐵板燒,,8 個月前,0,2
"很好吃很平價！
而且店員人都很親切",5,老鐵醬平價鐵板燒,,8 個月前,0,2
餐點好吃😋、上菜快速,5,老鐵醬平價鐵板燒,,8 個月前,0,2
"大贏漢林鐵板燒！
高麗菜豆芽菜都超好吃可以續 香煎雞腿排也超脆超好吃
而且自助吧品類很多 飯湯飲料無限續 …",5,老鐵醬平價鐵板燒,,8 個月前,0,2
好吃，便宜。服務好。值得推薦,5,老鐵醬平價鐵板燒,,8 個月前,0,2
好吃值回票價👍 …,5,老鐵醬平價鐵板燒,,8 個月前,0,2
服務快速,5,老鐵醬平價鐵板燒,,8 個月前,0,2
好吃，菜飯吃到飽，CP值高！,5,老鐵醬平價鐵板燒,,8 個月前,0,2
環境寬敞乾淨整潔 彩色多樣且好吃😋,5,老鐵醬平價鐵板燒,,8 個月前,0,2
環境很乾淨，服務很好，東西也好吃,5,老鐵醬平價鐵板燒,,8 個月前,0,2
料多實在,5,老鐵醬平價鐵板燒,,8 個月前,0,2
服務態度好 餐點還不錯,5,老鐵醬平價鐵板燒,,8 個月前,0,2
很讚,5,老鐵醬平價鐵板燒,,8 個月前,0,2
好吃好喝，服務態度好，東西也好吃，讚,5,老鐵醬平價鐵板燒,,8 個月前,0,2
好吃推推👍 …,5,老鐵醬平價鐵板燒,,8 個月前,0,2
好吃評價食材新鮮！,5,老鐵醬平價鐵板燒,,8 個月前,0,2
鐵板豆腐好吃，內用飲料選擇多,5,老鐵醬平價鐵板燒,,8 個月前,0,2
好吃❤️,5,老鐵醬平價鐵板燒,,8 個月前,0,2
氣氛極佳👍 …,5,老鐵醬平價鐵板燒,,8 個月前,0,2
三鮮好吃新鮮！,5,老鐵醬平價鐵板燒,,8 個月前,0,2
平價好吃的鐵板,5,老鐵醬平價鐵板燒,,8 個月前,0,2
好好吃讚讚,5,老鐵醬平價鐵板燒,,8 個月前,0,2
超級便宜cp值極高,5,老鐵醬平價鐵板燒,,8 個月前,0,2
餐點好吃，服務態度很好,5,老鐵醬平價鐵板燒,,8 個月前,0,2
餐點很好吃 服務人員親切,5,老鐵醬平價鐵板燒,,8 個月前,0,2
餐點好吃，服務人員親切，環境乾淨整潔，CP值高！,5,老鐵醬平價鐵板燒,,9 個月前,0,2
不錯喔,5,老鐵醬平價鐵板燒,,9 個月前,0,2
店員熱情，食物美味，吃起來很滿足喔！,5,老鐵醬平價鐵板燒,,9 個月前,0,2
好吃，美味,5,老鐵醬平價鐵板燒,,9 個月前,0,2
服務態度非常好,5,老鐵醬平價鐵板燒,,9 個月前,0,2
讚喔,5,老鐵醬平價鐵板燒,,9 個月前,0,2
用餐環境很好,5,老鐵醬平價鐵板燒,,9 個月前,0,2
菜菜吃飽吃滿～牛小排很嫩喔,5,老鐵醬平價鐵板燒,,9 個月前,0,2
餐點好吃、服務態度很好,5,老鐵醬平價鐵板燒,,9 個月前,0,2
打卡就送飲料喔😘 …,5,老鐵醬平價鐵板燒,,9 個月前,0,2
難得新增的鐵板燒菜單～,5,老鐵醬平價鐵板燒,,9 個月前,0,2
服務很親切 也很好吃 會再來吃,5,老鐵醬平價鐵板燒,,9 個月前,0,2
很讚，超好吃,5,老鐵醬平價鐵板燒,,9 個月前,0,2
價格實惠,5,老鐵醬平價鐵板燒,,9 個月前,0,2
餐點好吃，人員服務親切,5,老鐵醬平價鐵板燒,,9 個月前,0,2
服務親切餐點好吃,5,老鐵醬平價鐵板燒,,9 個月前,0,2
好吃、服務態度好,5,老鐵醬平價鐵板燒,,9 個月前,0,2
"服務好～推推！

😋好吃 …",5,老鐵醬平價鐵板燒,,9 個月前,0,2
高麗菜讚,5,老鐵醬平價鐵板燒,,9 個月前,0,2
"好好吃好好吃喔
希望大家都來吃看看",5,老鐵醬平價鐵板燒,,9 個月前,0,2
飯菜無限續,5,老鐵醬平價鐵板燒,,9 個月前,0,2
生意超好！ CP值高高！,5,老鐵醬平價鐵板燒,,9 個月前,0,2
"今天突然想吃鐵板燒，滑到這間～
價格算平價但份量不平價～
我單點了一份塔香蟳肉$190 裡面真的滿滿蟳肉，吃完最上面的，翻開第二層的洋蔥居然還有超多蟳肉，而且每個還不小😋（跟連鎖的比起來真的超有誠意！
總之是屬於絕對會再訪的店🫶 希望能維持水準！ …",5,老鐵醬平價鐵板燒,,9 個月前,0,2
真冰涼，好吃 報備照100分,5,老鐵醬平價鐵板燒,,9 個月前,0,2
非常好吃～～服務也熱情～推,5,老鐵醬平價鐵板燒,,9 個月前,0,2
餐點好吃，而且可以吃很飽，下次會願意回訪，不錯不錯,5,老鐵醬平價鐵板燒,,9 個月前,0,2
餐點好吃，環境很明亮乾淨，用餐很舒服👍 …,5,老鐵醬平價鐵板燒,,9 個月前,0,2
"餐點好吃喔～
但是蜜汁雞腿排有點「獨特」
要點的人要三思😀 …",4,老鐵醬平價鐵板燒,,9 個月前,0,2
海鮮雙人餐跟肉肉雙人餐真的蠻多樣的菜飯無限飲料喝到飽,4,老鐵醬平價鐵板燒,,9 個月前,0,2
服務態度真的不是很好！,3,老鐵醬平價鐵板燒,,9 個月前,0,1
第一次去的時候剛開幕，動線很亂，抹布很臭放在桌上很噁，上菜超慢，而且沒有衛生，重點是價格也沒便宜到哪去，現在再去，沒差太多，搞個打卡刷評論，我看一堆人是不甘心自己入坑才要刷五星吧，太痛苦了,1,老鐵醬平價鐵板燒,,9 個月前,1,0
"讚
好吃",5,老鐵醬平價鐵板燒,,上次編輯：9 個月前,0,2
"整體來說我給60分剛好及格，評論是因為贈送飲料所以衝得蠻高的，在工作剛結束的晚上有一間請同事吃飯的地方不錯，但有以下幾點我覺得可以再加強
1.人力安排及動線問題：我覺得有一個專門在整理環境的人就好了，但我看到有兩個人總是走來走去，這個人力有點浪費，如果可以用在餐點製作上，相信可以改善品質跟速度。
2.餐點的製作問題：整體的速度真的有待加強，應該先出現的青菜跟蛋都是大概用餐到一半才出現，第一道菜也是很久才上，雖然口味還行，但品質上參差不齊，雞腿排跟牛小排太老，免費的高麗菜梗太多，而且部分沒有熟，感覺並不是餐飲的背景。
3.衛生問題：煎台跟炒台的廚師都沒戴口罩，食物的準備感覺都是放一堆，炒肉片類的是現秤的，建議先備料分裝好，除了效率外也比較衛生，廚師建議穿圍裙，洗手後有個消毒的步驟，並擦乾會比較衛生。
新開幕的店，服務人員感覺有點沒章法，但希望可以加油，在公司附近可以多一間不錯的鐵板燒",3,老鐵醬平價鐵板燒,,9 個月前,0,1
"五星好評送飲料

高麗菜吃起來是苦的 也都黑黑的 …",1,老鐵醬平價鐵板燒,,9 個月前,0,0
餐點美味，CP值高，服務熱情親切，份量充足的鐵板燒首選,4,老鐵醬平價鐵板燒,,9 個月前,0,2
結帳的時候店員很高冷欸，一句話都不說，連多少錢和謝謝都沒有，搞得我連結帳好了沒也不確定，坐下後卻聽到店員對後面的客人親切的說謝謝以及問需要載具嗎，甚至還有提醒客人忘記拿發票，這時我才想到，阿我和我朋友都沒拿發票欸，所以是看學生好欺負嗎？還是需要幫你們檢舉逃漏稅,1,老鐵醬平價鐵板燒,,9 個月前,1,0
"這次點雙人套餐
整體上偏鹹，鮮蚵有點腥味，份量有點少！
服務生態度不錯！",3,老鐵醬平價鐵板燒,,9 個月前,0,1
"超級大推 以平價來說完勝大埔跟料鐵哥
高麗菜豆芽可以續 白飯也是內用自助
學生黨大推👍👍👍 …",5,老鐵醬平價鐵板燒,,上次編輯：9 個月前,0,2
"晚上吃飯的好地方，加飯加菜免費
炒菜師父都很專業，個人覺得比大埔好吃，師父在忙都會記得你是大辣小辣有沒有鹹一點🌸且店員很有活力也很有親和力，非常推薦❤️

第二次回去覺得服務態度很草率
不建議",3,老鐵醬平價鐵板燒,,上次編輯：9 個月前,0,1
店員沒有心服務可以不用勉強自己上班，沒有人強迫你,1,老鐵醬平價鐵板燒,,9 個月前,0,0
站櫃台的不想做可以不要做，態度有夠差，連問話都不耐煩，還兇客人,1,老鐵醬平價鐵板燒,,9 個月前,0,0
"打電話叫還要加點被掛電話
35分鐘才取到餐 內用的都上了…",1,老鐵醬平價鐵板燒,,9 個月前,0,0
第一次來，服務很好，生意也非常好👍 …,5,老鐵醬平價鐵板燒,,上次編輯：10 個月前,0,2
"好吃，青菜白飯吃到飽，用料很實在又新鮮，蛤蜊還是大顆的
湯的鍋蓋很燙，可以加做隔熱措施就更好了",4,老鐵醬平價鐵板燒,,10 個月前,0,2
"說真的，餐點做錯或是失誤一點都不丟臉
你在我面前把鮭魚煎到燒焦 你選擇重新做
我對於你的品質是認可的 但是你讓我等待 …",1,老鐵醬平價鐵板燒,,10 個月前,2,0
吃宵夜,5,老鐵醬平價鐵板燒,,10 個月前,0,2
很平價的鐵板燒,5,老鐵醬平價鐵板燒,,10 個月前,0,2
環境舒適，服務親切。,5,老鐵醬平價鐵板燒,,10 個月前,0,2
好吃 便宜 實在,5,老鐵醬平價鐵板燒,,10 個月前,0,2
食材新鮮好好吃！服務親切 值得推薦,5,老鐵醬平價鐵板燒,,10 個月前,0,2
很好吃😋cp值很高 服務人員很讚 …,5,老鐵醬平價鐵板燒,,10 個月前,0,2
來吃滿多次，好吃😋 …,5,老鐵醬平價鐵板燒,,10 個月前,0,2
美味好吃，有自助區,5,老鐵醬平價鐵板燒,,10 個月前,0,2
東西很棒,5,老鐵醬平價鐵板燒,,10 個月前,0,2
非常好吃，老頂了,5,老鐵醬平價鐵板燒,,10 個月前,0,2
老闆人很好 很好吃,5,老鐵醬平價鐵板燒,,10 個月前,0,2
非常好吃，讚👍👍👍 …,5,老鐵醬平價鐵板燒,,10 個月前,0,2
可以免費續菜，味道上很好吃！來吃很多次了,5,老鐵醬平價鐵板燒,,10 個月前,0,2
"店員人很好 很搞笑欸😆
用餐環境很舒服！ …",5,老鐵醬平價鐵板燒,,10 個月前,0,2
服務超級好，價位親民😁😁,5,老鐵醬平價鐵板燒,,10 個月前,0,2
上菜速度快，店員親切，口味不錯,5,老鐵醬平價鐵板燒,,10 個月前,0,2
服務好，好吃,5,老鐵醬平價鐵板燒,,10 個月前,0,2
好吃👍 …,5,老鐵醬平價鐵板燒,,10 個月前,0,2
好吃，菜可以免費加,5,老鐵醬平價鐵板燒,,10 個月前,0,2
好好粗,5,老鐵醬平價鐵板燒,,10 個月前,0,2
非常好吃，平價在地美食,5,老鐵醬平價鐵板燒,,10 個月前,0,2
"量很多 味道不錯
服務人員會問你有沒有吃飽👍",5,老鐵醬平價鐵板燒,,10 個月前,0,2
"飯吃到飽
兩人套餐超多好吃😋 …",5,老鐵醬平價鐵板燒,,10 個月前,0,2
上菜快 餐點好吃,5,老鐵醬平價鐵板燒,,10 個月前,0,2
非常好吃 而且老闆人很客氣！,5,老鐵醬平價鐵板燒,,10 個月前,0,2
"說個什麼評論好了～
第一次吃是剛開幕，東西不怎麼好吃，覺得剛開業可能手法不穩定很正常，要給個機會 …",3,老鐵醬平價鐵板燒,,上次編輯：10 個月前,0,1
服務親切，食物美味😋,5,老鐵醬平價鐵板燒,,10 個月前,0,2
服務態度很好 不錯吃,5,老鐵醬平價鐵板燒,,10 個月前,0,2
東西非常的好吃,5,老鐵醬平價鐵板燒,,10 個月前,0,2
"好吃，可續菜，有飲料、湯
環境很友善
吃過一次後還會想來",5,老鐵醬平價鐵板燒,,10 個月前,0,2
"份量足夠,飲料及白飯免費,小孩的天堂",5,老鐵醬平價鐵板燒,,10 個月前,0,2
很好吃😋！這麼 …,5,老鐵醬平價鐵板燒,,10 個月前,0,2
速度快又好吃😋 …,5,老鐵醬平價鐵板燒,,10 個月前,0,2
cp值高 好吃！,5,老鐵醬平價鐵板燒,,10 個月前,0,2
好吃一直吃,5,老鐵醬平價鐵板燒,,10 個月前,0,2
非常好吃 還可以無限續菜！,5,老鐵醬平價鐵板燒,,10 個月前,0,2
好吃讚,5,老鐵醬平價鐵板燒,,10 個月前,0,2
便宜又好吃😋 …,5,老鐵醬平價鐵板燒,,10 個月前,0,2
好吃哦,5,老鐵醬平價鐵板燒,,10 個月前,0,2
氣氛很好 價格親民！,5,老鐵醬平價鐵板燒,,10 個月前,0,2
環境乾淨服務良好,5,老鐵醬平價鐵板燒,,10 個月前,0,2
菜多好吃,5,老鐵醬平價鐵板燒,,10 個月前,0,2
飲料自助吧超多選擇 超棒,5,老鐵醬平價鐵板燒,,10 個月前,0,2
餐點味道不錯！服務態度佳！很推薦聚餐,5,老鐵醬平價鐵板燒,,10 個月前,0,2
很好吃，值的來吃，超棒的,5,老鐵醬平價鐵板燒,,10 個月前,0,2
服務態度很好～,5,老鐵醬平價鐵板燒,,10 個月前,0,2
環境整潔,5,老鐵醬平價鐵板燒,,10 個月前,0,2
"這家老鐵醬真的超好吃😋飯可以無限吃，是不是超誘人🤤鐵板燒就是超下飯～
海鮮大推，都是真材實料，食材cp值超高👍🏻
我下次一定會再來光顧💓 …",5,老鐵醬平價鐵板燒,,10 個月前,0,2
真的很很很好吃😋cp值高，老闆娘人很nice👍🏼👍🏼,5,老鐵醬平價鐵板燒,,10 個月前,0,2
"難風找到開那麼晚的鐵板燒
很推薦😝
Cp值高👍👍 …",5,老鐵醬平價鐵板燒,,10 個月前,0,2
Cp值很高，份量很多 好吃,5,老鐵醬平價鐵板燒,,10 個月前,0,2
每次來都吃超飽🥹 …,5,老鐵醬平價鐵板燒,,10 個月前,0,2
美味😋,5,老鐵醬平價鐵板燒,,10 個月前,0,2
來吃好多次了，口味沒話說👍🏻 …,5,老鐵醬平價鐵板燒,,10 個月前,0,2
菜菜吃到飽好爽,5,老鐵醬平價鐵板燒,,10 個月前,0,2
老師傅超會煎 直接ㄍㄧㄠˋ落 越酸越好！,5,老鐵醬平價鐵板燒,,10 個月前,0,2
"真的好吃😋
送餐速度快👍🏻 …",5,老鐵醬平價鐵板燒,,10 個月前,0,2
非常好吃喔 來過幾次 價位很平價,5,老鐵醬平價鐵板燒,,10 個月前,0,2
"朋友帶來吃的，沒想到有這麼好吃又划算的鐵板燒
今天吃了鐵醬牛肉（190）跟蜜汁雞腿排（230）
然後還點了菜埔蛋跟荷包蛋 …",5,老鐵醬平價鐵板燒,,10 個月前,0,2
水溝有味道飄出來了喔,3,老鐵醬平價鐵板燒,,上次編輯：10 個月前,1,1
好吃👍👍👍👍,5,老鐵醬平價鐵板燒,,10 個月前,0,2
好吃平價的鐵板燒 服務親切大推推,5,老鐵醬平價鐵板燒,,10 個月前,0,2
服務親切師父專業！,5,老鐵醬平價鐵板燒,,10 個月前,0,2
打卡活動享珍珠奶茶,5,老鐵醬平價鐵板燒,,10 個月前,0,2
老闆非常親切,5,老鐵醬平價鐵板燒,,10 個月前,0,2
"已經來吃3.4次了
雖然價格偏高 但真的很好吃😋",5,老鐵醬平價鐵板燒,,10 個月前,0,2
好很好,5,老鐵醬平價鐵板燒,,10 個月前,0,2
服務好，菜可續,5,老鐵醬平價鐵板燒,,10 個月前,0,2
餐點快速好吃讚讚 店員幽默風趣 是家很歡樂的店,5,老鐵醬平價鐵板燒,,10 個月前,0,2
很好吃的鐵板燒！很推薦,5,老鐵醬平價鐵板燒,,10 個月前,0,2
服務態度好 東西很好吃,5,老鐵醬平價鐵板燒,,10 個月前,0,2
東西好吃份量很多,5,老鐵醬平價鐵板燒,,10 個月前,0,2
賀甲,5,老鐵醬平價鐵板燒,,10 個月前,0,2
來嚐鮮，平價量多👍 …,5,老鐵醬平價鐵板燒,,10 個月前,0,2
"很讚 動線設計很好 指示清楚
餐點好吃 份量很足夠",5,老鐵醬平價鐵板燒,,10 個月前,0,2
"超級好吃到不行
菜色，新鮮
肉質軟Q
魚肉好吃超酥
服務人員每個都好親切禮貌
重點都好熱心",5,老鐵醬平價鐵板燒,,10 個月前,0,2
高麗菜、豆芽好吃也可以一直續，牛肉也不錯,5,老鐵醬平價鐵板燒,,10 個月前,0,2
服務佳，好吃,5,老鐵醬平價鐵板燒,,10 個月前,0,2
服務人員超熱情nice👍,5,老鐵醬平價鐵板燒,,10 個月前,0,2
好吃呦,5,老鐵醬平價鐵板燒,,10 個月前,0,2
親切又專業的服務，食物相當美味，家庭聚餐首選,5,老鐵醬平價鐵板燒,,10 個月前,0,2
美味,5,老鐵醬平價鐵板燒,,10 個月前,0,2
好吃，服務好,5,老鐵醬平價鐵板燒,,10 個月前,0,2
週末肚子餓 在網路上搜尋 無意間發現的鐵板燒 意外的好吃 還有自助吧,5,老鐵醬平價鐵板燒,,10 個月前,0,2
很好吃😋讚,5,老鐵醬平價鐵板燒,,10 個月前,0,2
菜色多樣，有冰沙、飲料機、湯、白飯 無限,5,老鐵醬平價鐵板燒,,10 個月前,0,2
好吃鐵板燒,5,老鐵醬平價鐵板燒,,10 個月前,0,2
服務很棒～店內店員很熱情～😆,5,老鐵醬平價鐵板燒,,10 個月前,0,2
服務良好，餐點好吃。,5,老鐵醬平價鐵板燒,,10 個月前,0,2
餐點好吃😋服務一級棒👍 …,5,老鐵醬平價鐵板燒,,10 個月前,0,2
用餐環境乾淨明亮！上菜快速！服務很親切！👍👍👍,5,老鐵醬平價鐵板燒,,10 個月前,0,2
值得再來吃 好吃,5,老鐵醬平價鐵板燒,,10 個月前,0,2
非常好吃,5,老鐵醬平價鐵板燒,,10 個月前,0,2
食物好吃 服務到位,5,老鐵醬平價鐵板燒,,10 個月前,0,2
好吃會再來吃 很讚👍,5,老鐵醬平價鐵板燒,,10 個月前,0,2
很多buffet 可以吃喔,5,老鐵醬平價鐵板燒,,10 個月前,0,2
東西不錯吃，店內整潔度也不錯，這次是第二次回訪,5,老鐵醬平價鐵板燒,,10 個月前,0,2
東西好吃物超所值，服務態度非常好,5,老鐵醬平價鐵板燒,,10 個月前,0,2
很好吃菜可以無限續！,5,老鐵醬平價鐵板燒,,10 個月前,0,2
東西好吃，服務親切,5,老鐵醬平價鐵板燒,,10 個月前,0,2
免費加飯加菜，CP值超高,5,老鐵醬平價鐵板燒,,10 個月前,0,2
店員很帥，餐點很好吃,5,老鐵醬平價鐵板燒,,10 個月前,0,2
超好吃ㄉ我每個禮拜都吃,5,老鐵醬平價鐵板燒,,10 個月前,0,2
可以加菜讚讚,5,老鐵醬平價鐵板燒,,10 個月前,0,2
東西大份，好吃,5,老鐵醬平價鐵板燒,,10 個月前,0,2
餐點整體好吃，吃的很飽,5,老鐵醬平價鐵板燒,,10 個月前,0,2
平價好吃又吃得飽、非常值得來品嚐喔！,5,老鐵醬平價鐵板燒,,10 個月前,0,2
第一次來吃～感覺很讚😍 …,5,老鐵醬平價鐵板燒,,10 個月前,0,2
服務好，氣氛佳,5,老鐵醬平價鐵板燒,,10 個月前,0,2
非常好吃 經濟實惠,5,老鐵醬平價鐵板燒,,10 個月前,0,2
加菜第一次免費 第二次開始要收費喔,3,老鐵醬平價鐵板燒,,10 個月前,0,1
好吃 很讚 會再來吃,5,老鐵醬平價鐵板燒,,10 個月前,0,2
平價好吃！ 非常推薦！,5,老鐵醬平價鐵板燒,,10 個月前,0,2
好吃，值得再訪,5,老鐵醬平價鐵板燒,,10 個月前,0,2
全家都愛吃 會再來,5,老鐵醬平價鐵板燒,,10 個月前,0,2
好吃，來吃第二次了,5,老鐵醬平價鐵板燒,,10 個月前,0,2
好吃份量足,5,老鐵醬平價鐵板燒,,10 個月前,0,2
食物非常新鮮👍🏻 …,5,老鐵醬平價鐵板燒,,10 個月前,0,2
飯🍚完全沒熟吃了很痛苦 …,2,老鐵醬平價鐵板燒,,10 個月前,0,0
服務態度好 來三次了,5,老鐵醬平價鐵板燒,,10 個月前,0,2
東西好吃，店員也很親切,5,老鐵醬平價鐵板燒,,10 個月前,0,2
好吃服務好,5,老鐵醬平價鐵板燒,,10 個月前,0,2
午餐約會 打卡送飲品,5,老鐵醬平價鐵板燒,,11 個月前,0,2
師父帥 服務和好,5,老鐵醬平價鐵板燒,,11 個月前,0,2
料好實在,5,老鐵醬平價鐵板燒,,11 個月前,0,2
"好吃回訪很多次了！
店員也很友善😋 …",5,老鐵醬平價鐵板燒,,11 個月前,0,2
"店員服務很好👍
好吃😋",5,老鐵醬平價鐵板燒,,11 個月前,0,2
"服務品質好
餐點好吃😋 …",5,老鐵醬平價鐵板燒,,11 個月前,0,2
"上菜快速 白飯吃到飽
店員很親切",5,老鐵醬平價鐵板燒,,11 個月前,0,2
菜色多樣齊全  不偏鹹！好吃會在回顧,5,老鐵醬平價鐵板燒,,11 個月前,0,2
"送餐速度很快～
好吃😋 …",5,老鐵醬平價鐵板燒,,11 個月前,0,2
服務很好 餐點好吃👍,5,老鐵醬平價鐵板燒,,11 個月前,0,2
生意好，東西新鮮,5,老鐵醬平價鐵板燒,,11 個月前,0,2
偉大的,5,老鐵醬平價鐵板燒,,11 個月前,0,2
服務很親切，都是年輕小哥，會主動詢問所有人需不需要續菜，也會問口味合不合適，點了兩個套餐，有自助吧，冷飲、咖啡、飯，現在有五星打卡兌換飲品活動，口味上蠻大眾口味，是可以再訪的餐廳。週日午餐時間不用等候。,5,老鐵醬平價鐵板燒,,11 個月前,0,2
每週都會來一次，cp值超高！推～,5,老鐵醬平價鐵板燒,,11 個月前,0,2
東西好吃，也能夠青菜續加，超推薦,5,老鐵醬平價鐵板燒,,11 個月前,0,2
"沃草 超好吃
一生不來吃一次真的會後悔
我只能說 他們的鐵板燒會有初戀的味道",5,老鐵醬平價鐵板燒,,11 個月前,0,2
打卡送飲料，加減喝,5,老鐵醬平價鐵板燒,,11 個月前,0,2
打卡送飲料！,5,老鐵醬平價鐵板燒,,11 個月前,0,2
"超好吃的啦
環境不錯👍😌 …",5,老鐵醬平價鐵板燒,,11 個月前,0,2
非常推，青菜可以吃到飽,5,老鐵醬平價鐵板燒,,11 個月前,0,2
沒誠意的店家，菜先給很少，然後在問你要不要加菜，然後拖啦不給，最後還說，別的客人也要吃菜。,1,老鐵醬平價鐵板燒,,11 個月前,0,0
"方便便宜快速
用餐的好選擇",5,老鐵醬平價鐵板燒,,11 個月前,0,2
餐點好吃😋,5,老鐵醬平價鐵板燒,,11 個月前,0,2
平價好吃！！ 推推！！,5,老鐵醬平價鐵板燒,,11 個月前,0,2
"餐點好吃
服務佳",5,老鐵醬平價鐵板燒,,11 個月前,0,2
跟老公一起來品嚐新店，美味又乾淨,5,老鐵醬平價鐵板燒,,11 個月前,0,2
乾淨、衛生,5,老鐵醬平價鐵板燒,,11 個月前,0,2
菜、飯、湯通通吃到飽，而且老闆很親切，會關心你有沒有吃飽，非常好餐廳,5,老鐵醬平價鐵板燒,,11 個月前,0,2
非常好餐廳 服務人員好友善,5,老鐵醬平價鐵板燒,,11 個月前,0,2
讚啦 好吃,5,老鐵醬平價鐵板燒,,11 個月前,0,2
速度超快，東西多選擇。,5,老鐵醬平價鐵板燒,,11 個月前,0,2
品項多，好吃,5,老鐵醬平價鐵板燒,,11 個月前,0,2
餐點好吃、服務好、非常推薦,5,老鐵醬平價鐵板燒,,11 個月前,0,2
服務很好 餐點多樣化,5,老鐵醬平價鐵板燒,,11 個月前,0,2
中間的服務人員 很有禮貌 算是吃過其他鐵板燒以來 感受最好的一次,5,老鐵醬平價鐵板燒,,11 個月前,1,2
菜跟飯能免費吃到飽讚讚,5,老鐵醬平價鐵板燒,,11 個月前,0,2
服務很好！菜吃得飽！真的很划算,5,老鐵醬平價鐵板燒,,11 個月前,0,2
"青菜吃到飽讚～～
絕對是興大附近最頂鐵板燒！",5,老鐵醬平價鐵板燒,,11 個月前,0,2
菜吃爆 店員服務好,5,老鐵醬平價鐵板燒,,11 個月前,0,2
用量新鮮實在，價格合情合理，服務態度優質，上菜速度超快，內用白飯、湯品、飲料、咖啡、青菜都用到飽，值得推薦！,5,老鐵醬平價鐵板燒,,11 個月前,0,2
蒜香牛小排熟度剛好，高麗菜炒得很香，鐵板豆腐我的愛，下次再來,5,老鐵醬平價鐵板燒,,11 個月前,0,2
服務態度好 餐點好吃,5,老鐵醬平價鐵板燒,,11 個月前,0,2
東西還蠻好吃😋 還有建議自助吧 …,5,老鐵醬平價鐵板燒,,11 個月前,0,2
"便宜好吃CP值高
師傅熱情👍🏻👍🏻 …",5,老鐵醬平價鐵板燒,,11 個月前,0,2
"Cp值不錯，也營業到很晚
五星評論有活動",5,老鐵醬平價鐵板燒,,11 個月前,0,2
鐵板燒讚,5,老鐵醬平價鐵板燒,,11 個月前,0,2
在地好吃鐵板燒,5,老鐵醬平價鐵板燒,,11 個月前,0,2
"新開的鐵板燒
外場招待的店員很有活力，服務很好！
打卡送飲料！ …",5,老鐵醬平價鐵板燒,,11 個月前,0,2
"沒有很餓千萬不要點雙人套餐$620
主餐的肉一盤+菜一盤+2盤料理吃完真的好飽
飯跟飲料、湯都是自取 …",5,老鐵醬平價鐵板燒,,11 個月前,1,2
口味適中，飯也很好吃，服務好，菜吃不夠還可以加~,5,老鐵醬平價鐵板燒,,11 個月前,0,2
晚餐時間到了就想到這間鐵板燒，好吃，cp值很高。,5,老鐵醬平價鐵板燒,,11 個月前,0,2
讚讚好吃喔,5,老鐵醬平價鐵板燒,,11 個月前,0,2
空間大，服務良好，肉多汁好吃，青菜清脆，口味不會死鹹，單純路過吃吃，也可以吃到這樣高水平的平價鐵板燒，真的已經吊打很多平價鐵板燒了！小朋友吃一口牛肉就說很多汁好吃。,5,老鐵醬平價鐵板燒,,11 個月前,0,2
用餐座位寬敞，帶小孩出門吃飯很方便！,5,老鐵醬平價鐵板燒,,11 個月前,0,2
不會吃的滿身油煙味 羊肉超級好吃  跟最近的大埔比起來 我覺得羊騷味更重 份量更多！而且菜量也給的比大埔多 😍 有提供廁所使用 廁所超級乾淨🥹 整體給五顆星 可回訪💖 店裡面還有咖啡、飲料、冰沙 飯和湯都是可以多次取用的～真心推！！,5,老鐵醬平價鐵板燒,,11 個月前,0,2
"好吃👏🏻
推薦大家來吃
而且飯吃到飽的鐵板燒少見了 …",5,老鐵醬平價鐵板燒,,11 個月前,0,2
"餐點平價好好吃👍 服務人員們很親切💕
已來內用很多次，店員們都會很親切打招呼 讚讚",5,老鐵醬平價鐵板燒,,11 個月前,0,2
老鐵醬是一家位於興大康橋附近的鐵板燒餐廳，用餐空間舒適，餐點美味且價格親民，是全家聚餐的絕佳選擇。,5,老鐵醬平價鐵板燒,,11 個月前,0,2
料多實在 價格公道,5,老鐵醬平價鐵板燒,,11 個月前,0,2
好吃 服務態度很好,5,老鐵醬平價鐵板燒,,11 個月前,0,2
"餐廳面積大~非常舒適
飲料品項也很豐富
非常推薦",5,老鐵醬平價鐵板燒,,11 個月前,0,2
環境整潔乾淨 好吃,5,老鐵醬平價鐵板燒,,11 個月前,0,2
環境整潔、乾淨 好吃,5,老鐵醬平價鐵板燒,,11 個月前,0,2
任賢好帥好喜歡,5,老鐵醬平價鐵板燒,,11 個月前,0,2
菜色料理好吃 無限白飯供應 服務態度優良,5,老鐵醬平價鐵板燒,,11 個月前,0,2
"附有免費白飯和飲料自助吧、紫菜蛋花湯
可惜的是店內的碗和咖啡機台不是非常乾淨，後台有濃烈的抽煙味一直傳出來影響食慾和對小孩很不友善！
青菜、豆腐好吃，泰式雞柳條是炸雞塊狀的
肉主餐 雞肉&牛小排煎的太乾柴",3,老鐵醬平價鐵板燒,,1 年前,0,1
上菜速度快，餐點也好吃！白飯飲料吃到飽蠻好的，套餐cp值不錯！,5,老鐵醬平價鐵板燒,,1 年前,0,2
"味道就不多說了
吃飯沒筷子 提醒兩次要續菜 一直等到要離場了還是沒看到菜
衛生超級糟糕
碗裡面有飯粒 杯子裝飲料會有油光的反射
幾乎每個店員口罩都給下巴帶
每次放碗盤的時候都：碰！整間店的屋頂都快掀掉
反正是亂七八糟",1,老鐵醬平價鐵板燒,,1 年前,0,0
"吃起來沒有在吃鐵板燒的感覺
意思就
是根本就只是清炒過而已 …",2,老鐵醬平價鐵板燒,,1 年前,0,0
"店員都年輕人 服務態度都很好
生意很好客人一直來 店員完全沒因為忙而不耐煩 有的還會跟著音樂唱歌🤣🤣🤣用餐氣氛很好～我第一口先吃高麗菜 有嚇到超級甜超好吃！
菲力很軟 蝦子也很新鮮 每道菜都很好吃
這間我真的會一直來～調味很讚😋
中間的帥哥超級忙 我一直在看他炒菜
偷偷觀察他哈哈哈哈 發現他記性超級好的超厲害 服務又超好 老闆可以幫他加薪了！！",5,老鐵醬平價鐵板燒,,1 年前,0,2
超級好吃的唷！,5,老鐵醬平價鐵板燒,,1 年前,0,2
工作就近用餐、點的是二人豪華海鮮餐920元（價錢是合理也算平價）但現場氣氛整個感覺像在打仗😂🤣首次來這用餐、可能還不習慣這種打仗式風格😅謝謝老闆🤣🤣🤣,5,老鐵醬平價鐵板燒,,1 年前,0,2
雞腿排煎的中規中矩，但吃了幾百家鐵板燒，你們雞腿排為何吃起來會黏口,5,老鐵醬平價鐵板燒,,1 年前,0,2
可以加菜 超讚👍 …,5,老鐵醬平價鐵板燒,,1 年前,0,2
平價好吃，可以一直續菜，有自助吧（飯、湯、飲料、咖啡、冰沙）,5,老鐵醬平價鐵板燒,,1 年前,0,2
真的很好吃,5,老鐵醬平價鐵板燒,,1 年前,0,2
點了一份蒜香松阪豬～不知道是豬太肥還是怎樣…盤底都是油！一邊吃肉一邊擦油…我也是醉了😵‍💫,2,老鐵醬平價鐵板燒,,1 年前,0,0
餐點味道不錯，可以續菜,5,老鐵醬平價鐵板燒,,1 年前,0,2
東西平價好吃,5,老鐵醬平價鐵板燒,,1 年前,0,2
點了一個肉肉雙人餐，鐵匠牛肉的洋蔥炒的好香好好吃，牛肉也很嫩；蒜味松阪豬口感也很好；最後搭配的鹹豬肉真的很下飯、很ㄙㄨㄚˋ嘴，自己覺得這樣兩個人吃起來份量很夠。,5,老鐵醬平價鐵板燒,,1 年前,0,2
服務態度極差，已經第二次來用餐，ㄧ次比一次差，手臂上有刺青的，如果你不會做接待不會站外場，就在內場待著，進門就問幾份，我是拿到菜單了嗎？點個菜一直過來看，很急嗎？不會在想過去用餐了，真的很糟,1,老鐵醬平價鐵板燒,,1 年前,0,0
來了第二次，給了兩次機會，態度極度差！東西難吃，糟透了,1,老鐵醬平價鐵板燒,,1 年前,0,0
真好吃，吃的超快樂的🥰,5,老鐵醬平價鐵板燒,,1 年前,0,2
廚師年輕技術尚需要諾磨練，食材要用點心，海鮮不夠鮮。,2,老鐵醬平價鐵板燒,,1 年前,0,0
服務很好又可以免費加菜。高麗菜很鮮甜好吃。雞腿煎的超級酥脆。就東西都蠻好吃的。唯一可以抱怨的就是地板有一點油，但是我不介意。,5,老鐵醬平價鐵板燒,,1 年前,0,2
"店內瀰漫著一股詭異的味道
點了份牛排 第一次吃到牛排是酸的 真得很厲害
你們家的餐點沒有鹽巴跟醬油嗎調味清淡到覺得你們的湯是今天餐點味道最重的
這店還能生存下去真的很猛",1,老鐵醬平價鐵板燒,,1 年前,1,0
平價鐵板燒，菜單除了常見的以外還有一些比較像熱炒店的餐點，例如金沙蝦仁，鹹豬肉，東西都不錯吃，個人覺得醬油好像偏甜一點點,4,老鐵醬平價鐵板燒,,1 年前,0,2
"食材新鮮實在、味道也很特別
很推薦的店家👍🏻 …",5,老鐵醬平價鐵板燒,,1 年前,0,2
好吃欸,5,老鐵醬平價鐵板燒,,1 年前,0,2
"超好吃鯖魚
僅此一家",5,老鐵醬平價鐵板燒,,1 年前,0,2
"有自助吧,好吃",5,老鐵醬平價鐵板燒,,1 年前,0,2
"菜跟肉都很好吃 服務人員也很親切
很推推ㄛ",5,老鐵醬平價鐵板燒,,1 年前,0,2
服務親切，富有工作熱情，會推薦餐點，主動詢問口感並關注是否滿意餐點的口感～很棒～,5,老鐵醬平價鐵板燒,,1 年前,0,2
出菜快，口味佳。,5,老鐵醬平價鐵板燒,,1 年前,0,2
有飲料跟飯自取，但主餐根本是洋蔥炒碎肉⋯ 不會再來,2,老鐵醬平價鐵板燒,,1 年前,0,0
餐點入味,5,老鐵醬平價鐵板燒,,1 年前,0,2
"炒青菜好吃
豬肉全是洋蔥沒看到什麼肉
雞腿排油耗味很重
豆腐跟菜圃蛋普普
白飯跟飲料還有湯是免費的
車不太好停",3,老鐵醬平價鐵板燒,,1 年前,0,1
"味道很好，白飯吃到飽，菜色也都很下飯
肯定能吃飽飽
海鮮鮮度比較需要注意",5,老鐵醬平價鐵板燒,,1 年前,0,2
味道普通，但是飯跟飲料無限大家可以參考一下自己的需求,3,老鐵醬平價鐵板燒,,1 年前,0,1
平日晚上六點用餐時間過去吃飯，筷子用完沒補，點餐也漏單，口味點清淡比別間正常口味還鹹，主餐泰式酸辣調味很奇妙，不會形容……,1,老鐵醬平價鐵板燒,,1 年前,0,0
"剛開幕去吃, 位子安排不順、收桌慢, 雞肉有臭味",3,老鐵醬平價鐵板燒,,1 年前,0,1
"凌晨下班 可以吃到那麼好吃的鐵板燒🥹🥹🤍
謝謝老闆",5,老鐵醬平價鐵板燒,,1 年前,0,2
超級好吃😋！推薦大家來吃～肉質新鮮，炒起來的味道也很好～ …,5,老鐵醬平價鐵板燒,,1 年前,0,2
食物做的不好吃，肉硬、又鹹就算了。態度超差，還一點衛生都沒有，菜徒手抓不戴手套，杯子跟碗也都沒有洗乾淨。真心建議大家不要去吃，吃過那麼多間鐵板燒，第一次吃到這麼離譜的。,1,老鐵醬平價鐵板燒,,1 年前,1,0
今天跟男友點了雙人套餐620，首先這個價位已經比其他間鐵板燒貴，但如果是好吃的或是份量多我覺得是可以接受的，因為是兩人用餐，所以將菜炒成一盤（看起來像一人份多一點點），雖然貴店的飲料選擇很多沒錯，但用餐時間居然有三台飲料都不能使用（一台製冰中、一台熱飲按不出任何飲料，旁邊閃紅燈、一台飲料機店員說剛開所以還在製作飲料，所以當下我裝到的飲料是非常黏稠似糖漿的那種），到這邊已經覺得有點誇張了，上餐後洋蔥比主菜還多（牛肉沒幾塊），底盤非常油，然後自助湯品的湯鍋沒有蓋子！？這個真的很令人匪夷所思，萬一有蟲或是灰塵跑進去是不是就造成食安問題，如果收費比其他鐵板燒昂貴那品質部分是否也要提升，只能說是一次不愉快的用餐經驗，希望店家不要因為想要一直接客而忽略基本該有的水準,1,老鐵醬平價鐵板燒,,1 年前,1,0
香味噴鼻～食之回味！,5,老鐵醬平價鐵板燒,,1 年前,0,2
服務人員都是年輕人，服務態度非常的親切，出餐速度很迅速，感覺他們上班很歡樂，讓人用餐時感覺很放鬆，點了ㄧ份雙人套餐，餐點多到真的吃的很撐，還有自助式湯品，白飯，飲料，咖啡，冰沙，真的蠻超值的，之前有點排斥鐵板燒因為青菜都炒的很黑看起來會感覺髒髒的，可是這裡的菜不會黑黑的，看起來乾乾淨淨的，還會親切的詢問是否加辣，服務態度真的很好很親👍👍👍,5,老鐵醬平價鐵板燒,,1 年前,0,2
青菜炒的好吃 沒有過度調味 牛肉口感很好 飯是鐵板燒店少見的好吃 服務也客氣 推薦,5,老鐵醬平價鐵板燒,,1 年前,0,2
口味超棒,5,老鐵醬平價鐵板燒,,1 年前,0,2
吃超爽 超級推,5,老鐵醬平價鐵板燒,,1 年前,0,2
從來沒吃過那麼飽 太好吃,5,老鐵醬平價鐵板燒,,1 年前,0,2
超爽！有夠好吃,5,老鐵醬平價鐵板燒,,1 年前,0,2
餐點部份都還可以接受 鹹淡每次吃都會有些不同 可能是在調整 也可能師傅拿捏不準 至少就還在接受範圍 比較不滿意的是上菜流程 感覺蠻混亂的 點兩組餐 頭道菜上完 等快半小時其它菜才一併送上 頭道菜都涼了 流程上店家需要再調整熟練,3,老鐵醬平價鐵板燒,,1 年前,0,1
"嗯，肉老、碳焦、柴、口味不佳
（菲力、蝦、雞排）",1,老鐵醬平價鐵板燒,,1 年前,0,0
服務相當不錯，餐點口味個人感覺偏鹹，分菜可能要稍微看一下，點牛肉我分到大部分洋蔥，肉只有三四片，其餘的免費加菜跟飯滿加分的，還有多種飲料選擇就打趴一堆鐵板燒店了。,4,老鐵醬平價鐵板燒,,1 年前,0,2
"價格便宜CP值高，飲料吧選擇豐富也有提供研磨咖啡熱飲熱湯，內用白飯無限供應，提供電子支付Line pay與台灣pay
煎台與送餐人員是ㄧ群熱情的年輕男孩，服務讚",5,老鐵醬平價鐵板燒,,1 年前,0,2
"鐵板鯖魚真的超好吃！外皮煎得酥脆又香，裡面的魚肉又嫩又多汁，完全鎖住了鮮味。簡單的調味就很夠味，吃起來超滿足，重點是價格超親民，CP值爆表！

再來是鐵板豆腐，每塊豆腐都吸滿了醬汁，外酥內嫩，搭配洋蔥和青蔥一起炒，味道超香，每一口都停不下來！不管是不是素食者，吃了都會愛上。

牛肉炒得超讚，肉質滑嫩，調味剛剛好，配上洋蔥一起炒，香氣直接衝出來。一口咬下去，肉汁和醬香在嘴裡爆開，真的超滿足！

高麗菜也不簡單，脆脆的口感，還帶著一點自然的甜味，微辣的感覺超開胃，簡單卻讓人很驚豔。豆芽菜超好吃！脆脆的口感配上剛好的調味，簡單又香，吃起來超爽口，完全不油膩！

整體來說，這裡的餐點不僅份量足，價格也很平實，吃得飽又吃得好，真心推薦來試試看！",5,老鐵醬平價鐵板燒,,1 年前,1,2
"東西好吃，但偏鹹
用餐的時候，服務人員拿著菜瓜布跟抹布在旁邊擦桌面，讓人觀感不佳，如果急著打烊可以告知只剩下外帶，而不是接客之後在旁邊做清潔趕客人。",1,老鐵醬平價鐵板燒,,1 年前,0,0
抹布很臭，吃飯的時候一直飄來陣陣臭抹布味，真的很反胃，抹布粉色的毛都變成灰色了...餐飲業抹布應該要每天消毒跟定期替換，這攸關食品安全，老闆需要更注意！,2,老鐵醬平價鐵板燒,,1 年前,0,0
"杯子洗完沒乾就給客人使用 衛生感覺很差
主菜太鹹 而且肉很少 不如去吃大埔CP值還比較高  不好的用餐體驗",1,老鐵醬平價鐵板燒,,1 年前,0,0
"開幕第一天吃到今天吃
菜越來越少 肉盤的洋蔥倒是很多
收完桌沒洗手又端菜給客人",1,老鐵醬平價鐵板燒,,1 年前,0,0
這裡的服務很好 很熱情 啊陳師傅炒的菜也很好吃～～菜也很平價 氣氛也很棒 飲料 跟飯 都是自取 免費的 很喜歡這裡❤️,5,老鐵醬平價鐵板燒,,1 年前,0,2
"台式口味 很像熱炒的感覺 很好吃
可以在鐵板燒店吃到蛤蜊感覺很開心
老闆很親切 還會幫忙補青菜 …",5,老鐵醬平價鐵板燒,,1 年前,0,2
來吃第二次蠻好吃的，店員服務態度也很好！,5,老鐵醬平價鐵板燒,,1 年前,0,2
"實在是很不好吃，輸大埔或料鐵哥好幾條街

師傅態度很粗魯，服務非常差

別浪費錢來這裡受氣",1,老鐵醬平價鐵板燒,,1 年前,1,0
"可能是因為開幕不久
人員配置沒有很好
很多桌都吃飽離開了 …",3,老鐵醬平價鐵板燒,,1 年前,0,1
可能現炒師傅不夠，所以等菜等很久，然後菜調味鹹死人，不穩定，而且要多加一份青菜，也加到忘記，基本上來說不會再回訪😰,3,老鐵醬平價鐵板燒,,1 年前,0,1
明亮。飲料自助吧,5,老鐵醬平價鐵板燒,,1 年前,0,2
"今天跟大家分享「老鐵醬平價鐵板燒」
大約晚上八點過後來用餐，人潮還是不斷的有進來，不知道大家是不是因為新開店來嚐鮮。 …",4,老鐵醬平價鐵板燒,,1 年前,1,2
贈送的鐵板豆腐好吃,5,老鐵醬平價鐵板燒,,1 年前,0,2
"菲力好吃（沒拍到），羊中規中矩，泰式雞腿滿普通，谷歌評論五星送的杏苞菇奶油味太重了
菜可以續
飲料也滿多選擇不錯！
也有湯、白飯自取",4,老鐵醬平價鐵板燒,,1 年前,0,2
好吃 價位可以,5,老鐵醬平價鐵板燒,,1 年前,0,2
菜可以續 白飯吃到飽 CP值蠻高的,5,老鐵醬平價鐵板燒,,1 年前,0,2
肉肉雙人餐 好吃,5,老鐵醬平價鐵板燒,,1 年前,0,2
餐點好吃，小辣剛好,5,老鐵醬平價鐵板燒,,1 年前,0,2
環境舒適，料理好吃,5,老鐵醬平價鐵板燒,,1 年前,0,2
"阿陳師父炒的好吃
服務態度好 很棒！",5,老鐵醬平價鐵板燒,,1 年前,0,2
環境寬敞明亮，白飯、飲料、冰沙免費自取；高麗菜、豆芽菜不夠都可以免費續加；主餐的口味鹹淡都可以調整,4,老鐵醬平價鐵板燒,,1 年前,0,2
店員人很好,5,老鐵醬平價鐵板燒,,1 年前,0,2
出餐快速 好吃,5,老鐵醬平價鐵板燒,,1 年前,0,2
炒菜 連爆香都不會,2,老鐵醬平價鐵板燒,,1 年前,1,0
餐點好吃，服務親切,5,老鐵醬平價鐵板燒,,1 年前,0,2
"3個人吃 吃$810 超俗的啦
而且每道菜都炒的不錯
服務人員也都會關心有沒有吃飽 需不需要加菜 …",5,老鐵醬平價鐵板燒,,1 年前,0,2
嚐鮮,5,老鐵醬平價鐵板燒,,1 年前,0,2
阿陳師傅帥氣 炒的好吃😋 …,5,老鐵醬平價鐵板燒,,1 年前,0,2
環境很舒服 還有自助吧,5,老鐵醬平價鐵板燒,,1 年前,0,2
"在大明路新開的鐵板燒，連續來吃三天了。師傅態度都很好，份量也多，重點是好吃😋。
推薦來的店家😄 …",5,老鐵醬平價鐵板燒,,1 年前,1,2
用餐環境乾淨寬敞不擁擠，菜品飲料白飯都吃到飽，菜品不會鹹膩，阿陳師傅炒的菜豪豪吃👍,5,老鐵醬平價鐵板燒,,1 年前,0,2
阿成師父炒的好好吃！,5,老鐵醬平價鐵板燒,,1 年前,0,2
"讚讚

觀望很久 …",5,老鐵醬平價鐵板燒,,1 年前,0,2
店內寬敞舒適，人員非常親切，對小朋友友善特地還分一半不加胡椒，重點餐點好吃又平價，飯自取適合愛吃飯者，飲料選擇多，會想再來消費❤️,5,老鐵醬平價鐵板燒,,1 年前,0,2
可以免費加菜 讚讚,5,老鐵醬平價鐵板燒,,1 年前,0,2
飲料白飯吃到飽,5,老鐵醬平價鐵板燒,,1 年前,0,2
非常棒！好吃,5,老鐵醬平價鐵板燒,,1 年前,0,2
很棒,5,老鐵醬平價鐵板燒,,1 年前,0,2
很不錯！,5,老鐵醬平價鐵板燒,,1 年前,0,2
"二訪
白飯 飲料可以吃到飽
菜可以續
餐點味道滿好的",5,老鐵醬平價鐵板燒,,1 年前,0,2
"內用:菜很好吃,服務也很好推薦大家來吃",5,老鐵醬平價鐵板燒,,1 年前,0,2
棒棒 👍🏼 …,5,老鐵醬平價鐵板燒,,1 年前,0,2
餐點美味 店員親切,5,老鐵醬平價鐵板燒,,1 年前,0,2
吃超飽,5,老鐵醬平價鐵板燒,,1 年前,0,2
可以酒足飯飽的好地方,5,老鐵醬平價鐵板燒,,1 年前,0,2
"吃超級飽，適合帶有國小小朋友來吃唷！
雞腿好吃，菜可以免費續，服務不錯
推推",5,老鐵醬平價鐵板燒,,1 年前,0,2
餐點好吃多樣化，用餐環境也很乾淨明亮,5,老鐵醬平價鐵板燒,,1 年前,0,2
平價好吃！,5,老鐵醬平價鐵板燒,,1 年前,0,2
今日吃的是晚餐，剛進店時服務人員態度很好👍但是動線稍微混亂了一點，美中不足的是點餐之後櫃檯人員問了兩次要不要加辣，都說是小辣，可是後來上的餐點都沒什麼味道，沒有辣 同行的家人也都覺得沒有辣，高麗菜跟豆芽菜到吃完也都還沒上，後來有跟櫃檯反應，而且點了一道鐵醬牛肉，但家人在裡面吃到了頭髮以及石頭，當下有跟外場的人員反應！後來有重上一盤，店裡的人員辛苦了，客人多 你們也忙，但希望貴店能再稍微改善動線以及整體工作人員的默契，希望大家能夠配合的再更好，不會像今日一樣有那麼混亂的情況再次發生，希望貴店生意長紅，之後如果能夠再去用餐能夠有更好的用餐體驗！謝謝 …,3,老鐵醬平價鐵板燒,,1 年前,0,1
青菜很脆很好吃,5,老鐵醬平價鐵板燒,,1 年前,0,2
"點了雙人套餐
一開始上的高麗菜沒有味道 似乎忘記加鹽
香煎雞腿排吃起來沒味道，肉粉粉的 …",1,老鐵醬平價鐵板燒,,1 年前,1,0
讚啦,5,老鐵醬平價鐵板燒,,1 年前,0,2
"@阿陳弟服務態度好。招待高麗菜、豆芽菜吃到飽。
適合配飯的餐點。",4,老鐵醬平價鐵板燒,,1 年前,0,2
價格合理 態度親切,5,老鐵醬平價鐵板燒,,1 年前,0,2
服務很棒 環境乾淨,5,老鐵醬平價鐵板燒,,1 年前,0,2
空間很大 東西好吃,5,老鐵醬平價鐵板燒,,1 年前,0,2
服務很貼心,5,老鐵醬平價鐵板燒,,1 年前,0,2
好吃 老闆娘很親切！,5,老鐵醬平價鐵板燒,,1 年前,0,2
"吃過一次內用他的蒜香菲力真的好吃，肉量也可以接受，今天去外帶結果肉少的可憐，比內用少個一半不誇張==我是甚麼很狗的人嗎，體感差到第一次一星差評
內用衛生也是堪憂，剛開幕的店桌椅都很新，可是桌面碗盤髒的可以...讓人不適",1,老鐵醬平價鐵板燒,,1 年前,0,0
"店內食材新鮮好吃
白飯 青菜 飲料 冰沙 湯都是吃到飽
價位很超值
唯一缺點就是內用桌上都沒號碼
一直上錯餐 希望下次來 可以改進",5,老鐵醬平價鐵板燒,,1 年前,0,2
"這家餐廳剛開業的時候我就給了3次來這裡吃飯的機會！每次我都很失望，工作人員真的不善於溝通，而且很粗魯……每次他們要我在飯前付款，當我看到其他顧客時，他們在飯後付款……今天是我最後一次在那裡10/20 01： 00點了超辣的牛肉片，開始吃後發現裡面有豬肉片。而且，我每次都這麼說是因為我的宗教信仰。我打電話給廚房工作人員，他們告訴我這是牛肉，但兩種肉之間有區別。如果把牛肉切成片，這就像石塊一樣。然後他們告訴我這肉裡有神經。我又問你不是用機器切牛肉嗎？怎麼能從比1公分還薄的肉中取出這麼大的神經呢？然後他們又說這是牛肉。我沒吃完飯就走了。我告訴那位員工，這種做法是非常錯誤的。我告訴廚房工作人員，你可以欺騙其他顧客，但不能欺騙我。我也是廚師，我能分辨肉、牛肉、豬肉中的神經。他一直給我的答案是可以…如果你不能向顧客露出笑容，那就至少做好你的工作。比如說，你可以餵一個不吃牛肉的台灣人吃牛肉嗎？不，那是不可能的。對於一個新開的地方，工作人員應該更有活力、更有活力、更微笑，但這個地方絕對不值得一分。我覺得對廚房工作人員來說道歉應該不難……希望老闆能考慮我說的話。

I gave this restaurant 3 chances to eat here when it first opened! Every time I was disappointed the staff is really bad at communicating and rude… Every time they wanted me to pay before the meal, when I looked at the other customers they paid after the meal… Today was my last time there 10/20 01:00 I ordered super spicy sliced ​​beef and after I started eating it, I found pork pieces in it. Moreover, I state it every time because of my religious beliefs. I called the kitchen staff and they told me that this is beef but there is a difference between the two meats. If the beef is sliced, this is like stone pieces. Then they told me that there is nerve in this meat. I asked again don’t you slice the beef with a machine? How can you get such a big piece of nerve from meat that is thinner than 1 cm? Then they said again that this is beef. I left without finishing my meal. And I told that employee that this approach is very wrong. I told the kitchen staff that you can fool other customers but never me. I am also a chef, and I can distinguish the nerves in meat, beef, and pork. The answer he kept giving me was okay… If you don’t show a smiling face to customers, then at least do your job properly. For example, can you feed beef to a Taiwanese who doesn’t eat beef? No, that’s not possible. For a newly opened place, the staff should be more dynamic, energetic, and smiling, but this place definitely doesn’t deserve even 1 point. I don’t think it for kitchen staff shouldn't be hard to say apologize… I hope the boss will take what I said into consideration.",1,老鐵醬平價鐵板燒,,1 年前,0,0
服務超好，東西很實在又好吃,5,老鐵醬平價鐵板燒,,1 年前,0,2
服務人員服務周到，菜單價格平價實惠,5,老鐵醬平價鐵板燒,,1 年前,0,2
好吃 老闆娘很親切,5,老鐵醬平價鐵板燒,,1 年前,0,2
新開的鐵板燒，白飯、湯、多種飲料自助還不錯,5,老鐵醬平價鐵板燒,,1 年前,0,2
"11點營業，但11點半還沒開，
真的準備好開幕了嗎？",1,老鐵醬平價鐵板燒,,1 年前,0,0
加89元生食級（組合）干貝？不如買雞腿,1,老鐵醬平價鐵板燒,,1 年前,0,0
服務親切，海陸雙人餐cp值高,5,老鐵醬平價鐵板燒,,1 年前,0,2
餐點好吃，服務很到位,5,老鐵醬平價鐵板燒,,1 年前,0,2
很好吃🥹🥹,5,老鐵醬平價鐵板燒,,1 年前,0,2
老闆娘超好 吃超撐,5,老鐵醬平價鐵板燒,,1 年前,0,2
謝謝姐姐,5,老鐵醬平價鐵板燒,,1 年前,0,2
好吃 不能只有我吃到,5,老鐵醬平價鐵板燒,,1 年前,0,2
超爽,5,老鐵醬平價鐵板燒,,1 年前,0,2
位置寬敞 有別於一般的鐵板燒餐廳 餐點也是讚讚 菜還可以免費續加 超讚的,5,老鐵醬平價鐵板燒,,1 年前,1,2
服務很好人員很親切餐點不錯,5,老鐵醬平價鐵板燒,,1 年前,0,2
東西好吃，上菜速度快推一個,5,老鐵醬平價鐵板燒,,1 年前,0,2
來店消費兩次。第一次覺得沒關係，剛開客人很多，上餐等了快一小時，還好是有吃飽。第二次吃的時間是隔了快兩個禮拜，想說再給個機會試試，結果整間店沒幾個客人，師傅人數多過於客人下呢~我跟同一個服務人員說要加菜，還提醒了兩次~還是可以忘記??鄰桌比我慢點都有加菜~還不用像我需要走過去煎台說要加菜呢！認真覺得店家可以廢除角落位置了啦！大X鐵板燒還不會忽略客人呢！等了快半小時還是沒有青菜上來，直接氣到離席！,1,老鐵醬平價鐵板燒,,1 年前,2,0
"服務人員態度很好(⁠人⁠*⁠´⁠∀⁠｀⁠)⁠｡⁠*ﾟ⁠+
東西也很好吃鹹度適中
上餐速度很快
開到兩點！",5,老鐵醬平價鐵板燒,,1 年前,0,2
真的很好吃的一家鐵板燒，味道很ok，就是食品安全和態度有問題...之前第一次來吃試營運，點了羊肉和鹹豬肉，青菜非常有味道，鹹豬肉也很好吃，洋蔥炒羊肉有股酸味詢問師傅說是正常的，好我能接受可能醬料有醋，第二次來吃是因為高麗菜和豆芽菜真的不錯，想再來試試，結果超後悔哈哈，點這次點了蔥爆蝦仁和鹹豬肉，結果...蝦仁送上來時是溫的，蝦仁內部介於生與熟之間，這我還能接受味道還ok，結果鹹豬肉...呵呵味道一樣非常美味可惜就是炒了個半熟，一開始我還小小聲的問這種是否沒熟，一位阿姨和師傅看 …,1,老鐵醬平價鐵板燒,,1 年前,4,0
餐點好吃，服務親切👍已二訪,5,老鐵醬平價鐵板燒,,1 年前,0,2
阿姨人很好，菜很好吃！,5,老鐵醬平價鐵板燒,,1 年前,0,2
"剛開幕 動線沒有很明確
要先點餐 買單 再安排入座
也沒有送任何餐點
（脆梅 金針菇）
飲料製冰中也沒有掛牌子告知客人 暫時使用
導致冰沙噴濺衣服鞋子
滿地黏踢踢
後面客人不知情一直中獎！
連收拾餐桌只擦看得到的
地上一堆菜渣沒人掃
就讓下一組客人入座
告知服務人員也沒改善！
菜也沒啥鹹味道 常常漏掉餐點
要一直找服務人員
個人吃起來很普普 價位跟一般鐵板燒一樣 希望未來能看到改變",2,老鐵醬平價鐵板燒,,1 年前,1,0
要進店裡時有空位，在櫃檯等前面小姐點單約等了5分鐘，後來來了位師傅，問了師傅是否有空位自行入座，回我沒喔要等叫位入座，又沒留電話或資料排號，結果空位被後面來的客人自行入座（也並不是像其他留言的客人說，櫃檯拿菜單找位子入座的），讓乖乖等人代位的客人像傻子一樣。,1,老鐵醬平價鐵板燒,,1 年前,0,0
人多時出餐有點混亂，缺什麼都要提醒服務人員多次。進場有點混亂,3,老鐵醬平價鐵板燒,,1 年前,0,1
"我吃完 氣到要吃第二攤
晚上10:00去吃 桌子沒收有收的桌上還有菜渣
飲料的奶綠根本沒泡開
菜上兩次都沒熟",1,老鐵醬平價鐵板燒,,1 年前,1,0
快速出餐！ ！ ！,4,老鐵醬平價鐵板燒,,1 年前,0,2
太好吃了！,5,老鐵醬平價鐵板燒,,1 年前,0,2
"干貝大顆新鮮🤤
蛤蜊也很大顆很新鮮超讚
老闆娘親切活潑！推薦🫶🏻",5,老鐵醬平價鐵板燒,,1 年前,0,2
好吃！～老闆娘超客氣的..推薦給大家,5,老鐵醬平價鐵板燒,,1 年前,0,2
超級好吃😋,5,老鐵醬平價鐵板燒,,1 年前,0,2
好吃！！！老闆娘人很好下次再來ᕕ( ᐕ )ᕗ‪ꔛ‬♡‪,5,老鐵醬平價鐵板燒,,1 年前,0,2
高麗菜、豆芽菜、白飯、湯品、飲料都可以吃到飽，10月11日來吃可能剛開幕沒多久，加上用餐的人都很餓，加菜的時候有一點混亂，但是無傷大雅，師傅和服務人員的服務品質都很棒，調味很剛好不會太鹹，一定可以吃很飽，以後吃鐵板燒都來吃這一間了👍,5,老鐵醬平價鐵板燒,,1 年前,1,2
用餐環境不擁擠，進來一定肚子飽飽的走出店，內用高麗菜、豆芽菜、白飯、熱湯、冰沙、咖啡、飲料通通吃到飽，口味上都不錯，醬汁也不會很鹹膩，真的是物超所值的平價鐵板燒,5,老鐵醬平價鐵板燒,,1 年前,1,2
美味又好吃,5,老鐵醬平價鐵板燒,,1 年前,0,2
餐點好吃、白飯吃到飽、飲料很多選擇！價格實惠～下次會再回訪,5,老鐵醬平價鐵板燒,,1 年前,0,2
剛開幕，感覺一切都還在學習中。門口很方便停機車，一入門請自己先在櫃台拿菜單，畫好單，拿去櫃台繳費，目前沒發票、沒載具，只收現金。菜單上完全不知道要怎么標示桌號，而且炒台桌前每個位子有號碼，但旁邊的桌子都沒號碼，可能師父都是自己記客人點的餐點。點完餐可以裝白飯和湯、飲料，都是無限的。今天點了雙人餐，有和櫃台說要小辣，不過都沒加到辣。上菜很快，份量也不少，不過高麗菜蠻清淡，感覺連蒜頭都沒加，點的牛小排有筋，而且蠻快變硬，所以點牛肉類真的要吃快點。感覺普通。,3,老鐵醬平價鐵板燒,,1 年前,3,1
"下午3-4點左右過去用餐
加上我們兩位還有三個客人
裡面悶熱到比室外還熱 …",1,老鐵醬平價鐵板燒,,1 年前,2,0
"東西都蠻好吃的，是偏重口味的鐵板燒！
但衛生真的需要改進一下，碗還有上一個人留下的飯粒，我真的不想加菜🤮
希望可以改進，不然可惜了一家好吃的店🥹",4,老鐵醬平價鐵板燒,,1 年前,2,2
"好吃～白飯飲料吃到飽很加分
日後常來",5,老鐵醬平價鐵板燒,,1 年前,1,2
"餐點好吃服務又親切
空間很大用餐起來很舒適
飯可以續吃還有很多的飲料多選擇
推薦大家可以來吃
小孩也愛吃👍",5,老鐵醬平價鐵板燒,,1 年前,1,2
闆娘很親切～～環境很乾淨🥰 …,5,老鐵醬平價鐵板燒,,1 年前,0,2
東西好吃，老闆親切,5,老鐵醬平價鐵板燒,,1 年前,1,2
服務很親切！餐點好吃！,5,老鐵醬平價鐵板燒,,1 年前,1,2
追蹤按讚會送奶油烤杏鮑菇。附近停車場走路大概五分鐘內。剛開幕店員們跟老闆娘感覺很混亂。高麗菜沒熟，豆芽生味很重。建議主動指示客人櫃檯點餐，看每組客人點完都一直把單遞給廚師🤣🤣 …,2,老鐵醬平價鐵板燒,,1 年前,1,0
環境不錯,5,老鐵醬平價鐵板燒,,1 年前,0,2
老闆娘很親切,5,老鐵醬平價鐵板燒,,1 年前,0,2
超級好吃～～,5,老鐵醬平價鐵板燒,,1 年前,0,2
餐點好吃 上菜迅速 服務良好,5,老鐵醬平價鐵板燒,,1 年前,0,2
"超級好的好吃、服務又親切吃到飽
有咖啡喝 有冰沙 飯吃到飽👍👍👍
便宜又好吃 值得5顆星👍👍👍 …",5,老鐵醬平價鐵板燒,,1 年前,0,2
"環境乾淨，東西好吃
來吃好幾次了",5,老鐵醬平價鐵板燒,,1 年前,0,2
全家都愛吃！好吃！服務好，沒收服務費，讚！,5,老鐵醬平價鐵板燒,,1 年前,0,2
服務好，很親切，菜很好吃，值得來吃看看,5,老鐵醬平價鐵板燒,,1 年前,0,2
餐廳動線規劃不良  平均一個服務員要服務的客人太多 導致上菜慢及分配工作事項不完整,1,老鐵醬平價鐵板燒,,1 年前,1,0
新開幕的 很好吃👍服務很好,5,老鐵醬平價鐵板燒,,1 年前,1,2
好吃，板娘漂亮又貼心，讚！,5,老鐵醬平價鐵板燒,,1 年前,1,2
"用餐環境舒服 闆娘也很熱情
宵夜肚子餓也可以來 好讚👍",5,老鐵醬平價鐵板燒,,1 年前,1,2
服務好，有飲料白飯吃到飽,5,老鐵醬平價鐵板燒,,1 年前,2,2
食物真的好吃又新鮮，值得推薦的好店家👍 …,5,老鐵醬平價鐵板燒,,1 年前,0,2
很美味,5,老鐵醬平價鐵板燒,,1 年前,0,2
白飯吃到飽👍,5,老鐵醬平價鐵板燒,,1 年前,1,2
謝謝伴娘招待,5,老鐵醬平價鐵板燒,,1 年前,1,2
"服務很好
東西好吃",5,老鐵醬平價鐵板燒,,1 年前,1,2
讚讚讚好吃！,5,老鐵醬平價鐵板燒,,1 年前,0,2
"來吃好幾次了…
傍晚來吃生意很好
口味不錯，員工親切活潑
餐點有狀況反應給店家都會重做一份，值得讚賞
自助吧白飯熱湯吃到飽，飲料種類也很多
點了肉肉套餐給的份量足夠青菜不夠也能續
600多塊非常值得！
推一個",5,老鐵醬平價鐵板燒,,1 年前,1,2
"前幾天下午去吃，熱到全身都在滴汗。
東西味道普通不雷
白飯不好吃
員工….😒 …",1,老鐵醬平價鐵板燒,,1 年前,1,0
"高麗菜很苦 豆芽說不要辣還是有辣（感覺是煎台沒清）
比目魚不要胡椒還是撒了胡椒，也不重新煎，魚完全沒有魚味
唯一不錯的是羊肉還算新鮮，但味道也不怎麼樣",1,老鐵醬平價鐵板燒,,1 年前,0,0
"東西好吃且有飲料自助吧
服務人員熱情服務好
肉跟豆芽菜炒的都好吃，但是高麗菜調味不夠，唯一的缺點有點可惜，如果改善後會常來",4,老鐵醬平價鐵板燒,,1 年前,2,2
蚵仔沒有很新鮮,3,老鐵醬平價鐵板燒,,1 年前,0,1
菜多服務好。只是冷氣好冷🥶⋯⋯啊啊啊啊🤣。菜跟肉也吹冷了🤣比大買家附近的大X好吃多了,5,老鐵醬平價鐵板燒,,1 年前,0,2
大里最好吃鐵板燒,5,老鐵醬平價鐵板燒,,1 年前,0,2
"老闆娘親切幽默
食物好吃",5,老鐵醬平價鐵板燒,,1 年前,1,2
"高麗菜沒有放鹽巴滿滿的土味
豆芽菜超生！就像根本沒有炒過一樣…
香煎雞腿排可以完全不鹹？（自認口味算清淡的人，還要沾雞蛋豆腐的醬汁吃
炒蛤蠣看似很多醬汁，結果根本只有蛤蠣自己的味道？（真不容易
白飯黏到跟飯糰一樣…
唯一好吃的只有雞蛋豆腐",1,老鐵醬平價鐵板燒,,1 年前,3,0
店員親切東西好吃👍🏻👍🏻👍🏻 …,5,老鐵醬平價鐵板燒,,1 年前,1,2
"菜量不夠可續加，價位合理。
口味稍微不合，醋加過量。",4,老鐵醬平價鐵板燒,,1 年前,1,2
環境好服務也好，好吃有空可以來吃看看👍 …,5,老鐵醬平價鐵板燒,,1 年前,0,2
平價 好吃 大推一個👍,5,老鐵醬平價鐵板燒,,1 年前,1,2
剛開幕來試試 評價但是很好吃 推一下,5,老鐵醬平價鐵板燒,,1 年前,1,2
好吃 環境服務很讚😎,5,老鐵醬平價鐵板燒,,1 年前,2,2
平價又好吃👍👍 …,5,老鐵醬平價鐵板燒,,1 年前,1,2
餐點好吃 服務非常好👍 …,5,老鐵醬平價鐵板燒,,1 年前,1,2
剛開幕來嚐鮮 口味獨特 很好吃 也不貴 服務也很棒,5,老鐵醬平價鐵板燒,,1 年前,1,2
"吃過最難吃的 沒有之一
肉類放在鐵板上（自然熟成）然後在放洋蔥隨便翻一下，每樣都是如此，扯的是吃完了，還有一份肉食還沒上⋯ 絕對不會再消費第二次了。
那天吃兩人吃了720 非常不值",1,老鐵醬平價鐵板燒,,1 年前,1,0
沒有包手確實也很好吃ദ്ദി ˉ͈̀꒳ˉ͈́ ),5,老鐵醬平價鐵板燒,,1 年前,1,2
今天來到大里大明路老鐵醬鐵板燒，可能今天是平日，人來數量不多，但是也有八桌左右，店員不多，只有兩位，負責燒菜炒肉及櫃檯，送菜，今天點了肉肉雙人套餐620元，菜是出來了，吃了快兩碗白飯，主菜還沒來，飯菜吃完了，其他主菜肉類還沒出來，但還是可以在可接受範圍，據說菜可以免費續菜，需要跟店員說，我就跟店員反應要續菜，五分鐘後菜來了，但還有一道主菜香菇還沒來，員工真的少的可憐。 …,5,老鐵醬平價鐵板燒,,3 個月前,0,2
"中午工作比較晚~
突然想吃鐵板燒，意外發現的新店
本來很擔心停車問題
這家店的地點很棒，機車不用擔心
(⁠◍⁠•⁠ᴗ⁠•⁠◍⁠)

進到店裡，店員馬上招呼
在我們點餐時，店員屢屢探望，希望減少出餐等候時間
蠻貼心的~
但是我有選擇障礙，對他們真不好意思O.O

老闆娘很熱情，直接端小菜問我們要不要評論，可以送小菜
上面好像也沒有強制規定要5顆星
我覺得還不錯
------------------------------------
肉肉雙人餐/630元

a.鐵醬羊肉
我對羊肉比較敏感~
還是有些騷味
但是洋蔥好甜，我很喜歡
吃小塊一點的羊肉，洋蔥的甜味就可以蓋掉

b.蒜味松阪豬
大塊的筋咬不太斷
有點小扣分
洋蔥一樣鮮甜
小塊的才能好好品嚐，很有嚼勁
粗粒胡椒粉很有味道
^⁠_⁠_⁠_⁠_⁠_⁠_⁠_⁠_⁠_⁠^

c.鮮蛤蜊
好大~~的蛤蜊
超加分！！！
很鮮甜欸(⁠●⁠♡⁠∀⁠♡⁠)

d.鐵板豆腐
好久沒有吃到那麼入味又好吃的鐵板豆腐！！！
這才是正宗的
我超珍惜著吃
男兔兔狂大口咬，氣死我了
(⁠ノ⁠｀⁠Д⁠´⁠)⁠ノ⁠彡⁠┻⁠━⁠┻

高麗菜/可一直續：
很脆又鮮甜~
不會有過膩的口感及味道
可以一直吃XD
（建議炒小辣

豆芽菜/可一直續：
軟脆又入味
超下飯

飯：
沒有不熟的問題，我目前2碗尚在增加XD

湯：
加黑輪有點小扣分
因為一片片，到後面口感軟爛
怕有些人不喜歡
再加上有些顧客對於黑輪認知為加工品
若純海帶湯，可能我們會推論是用大骨熬煮的喔

還不錯，收藏起來(⁠≧⁠▽⁠≦⁠)(⁠✿⁠^⁠‿⁠^⁠)
------------------------------------
打卡送芒果奶凍
哇~
果凍QQ的
上面有一層白白的
搭配起來有層次
感覺之後可以加賣喔(⁠☆⁠▽⁠☆⁠)",4,老鐵醬平價鐵板燒,,上次編輯：4 個月前,0,2
"出餐速度快狠準
吃那麼多間鐵板燒
唯一一間好吃的沒話說 …",5,老鐵醬平價鐵板燒,,2 週前,0,2
"這間青菜不能續，但google評論會送小菜，
店員忘記送來，告知後有送來。
可能剛好座位在出風口
所以食物一下就冷掉了…😥，
食物整體口味挺鹹的，會需要喝很多水，
不過羊肉很騷很香，湯很好喝。",4,老鐵醬平價鐵板燒,,1 個月前,0,2
"環境乾淨，自助吧有白飯、湯品、飲料都免費續，店員態度也很親切

🌟肉類推薦的是鯖魚、雞腿排，真的是「香煎」到皮恰恰、肉質鮮嫩，相較起來鐵板肉類肉就少了很多

🌟豆芽高麗菜正常發揮，調味適中、下飯哦~

是目前吃到最不錯的評價鐵板燒(｡･ω･｡)👍❤️",5,老鐵醬平價鐵板燒,,3 個月前,0,2
"近期才開幕的鐵板燒店，距離我公司不到300公尺，今天中午前往嚐鮮。

店員服務態度很親切，也願意配合客人需求，像我今天跟他們溝通，希望餐點少油或無油，他們真的完全沒有用油。單憑這一點，我會很願意常常前來用餐。

餐點味道、口感很不錯，亦有飲料、湯、飯等簡單的自助區可供無限享用。服務、配合度與CP值都很高，是相當值得推薦回訪的店家。",5,老鐵醬平價鐵板燒,,上次編輯：4 個月前,1,2
"我真的只能給兩個星⋯⋯
高麗菜很生偏硬🥲
牛肉過熟
蛤蜊湯汁都沒了
豆腐冷冷的上菜
豬肉偏硬
白飯雖然吃到飽 但是飯很硬

只能說店員很熱情🥲
但是餐點真的很不行😮‍💨
飲料 菜 飯吃到飽",2,老鐵醬平價鐵板燒,,6 個月前,0,0
"總共四顆星 兩顆Google強迫的兩顆給炒菜師傅
服務：結帳的是怎樣欠你錢嗎？現場炒菜很吵，聽不清楚再問一次怎麼了嗎？翻白眼加仰望天花板嘆了口氣，不想上班有本事可以躺平。

餐點：高麗菜有種臭酸味問了師父（兩顆星給他），他說沒有聞不出來，有誠意説要再補一盤或給豆腐，但我們已經吃飽了。

氣氛：現場環境尚可⋯⋯有點吵

還有很厲害的事 ⋯⋯我還沒買好單也還沒拿好白飯飲料～～菜已經全部炒好了上桌了😳😳😳",1,老鐵醬平價鐵板燒,,上次編輯：5 個月前,0,0
"朋友帶來吃的，沒想到有這麼好吃又划算的鐵板燒
今天吃了鐵醬牛肉（190）跟蜜汁雞腿排（230）
然後還點了菜埔蛋跟荷包蛋
因為就開在健身房對面而已
運動完來吃個晚餐剛剛好

牛肉選用的肉片很新鮮，軟嫩無腥味
火候控制的很恰當，雖然是基本功
但能做得漂亮實在值得稱讚

蜜汁雞腿排真心好吃！
身為螞蟻代表，甜甜的蜜汁醬我完全無法拒絕
可是雞皮煎的酥脆就不同了
嫩肉+脆皮+香甜蜜汁=極上美味
真心無法拒絕

高麗菜選料扎實，新鮮清脆，葉片形狀漂亮
之前去台北找朋友，吃了一家雷店
那高麗菜像是從回收桶撈回來的…全都是碎屑
導致現在吃鐵板燒，高麗菜就是我最高評分基礎

豆芽菜清脆，不過我女朋友我說有個特殊的味道
我沒感覺到就是
（她堅稱有種豆味～菜味～）

菜埔蛋我蠻喜歡的，有點像是半熟蛋的口感
吃起來很好吃😋

然後店員姊姊說我家女朋友很可愛
招待了兩杯飲料
一杯芒果奶酪、一杯珍珠奶茶
芒果奶酪拍起來真心超好看
然後我不能喝奶，所以兩杯都給可愛的女朋友喝掉了
彌補了他要減肥損失的熱量
超越自我！

啊對！重點！
飯湯飲料免費用！幹飯王不要怕
白飯真的吃到飽！不會上新聞！
我今天了五碗，沒辦法，菜色太好吃了🤤

真心大推！",5,老鐵醬平價鐵板燒,,10 個月前,0,2
"可能是因為開幕不久
人員配置沒有很好
很多桌都吃飽離開了
桌上沒有人去收
收好的桌子也沒有安排客人入座
畫好單站著等了半小時..
才開始安排客人入座..
不過菜的份量還蠻多的
吃起來口味還可以
只是雞柳條是冷凍的 有點失望",3,老鐵醬平價鐵板燒,,1 年前,0,1
餐點蠻好吃、上菜速度也快，打卡送小菜或糖葫蘆💙 …,5,老鐵醬平價鐵板燒,,1 個月前,0,2
"店員都年輕人 服務態度都很好
生意很好客人一直來 店員完全沒因為忙而不耐煩 有的還會跟著音樂唱歌🤣🤣🤣用餐氣氛很好～我第一口先吃高麗菜 有嚇到超級甜超好吃！
菲力很軟 蝦子也很新鮮 每道菜都很好吃 …",5,老鐵醬平價鐵板燒,,1 年前,0,2
環境乾淨整潔，菜色讚👍好吃😋 …,5,老鐵醬平價鐵板燒,,3 週前,0,2
服務人員都是年輕人，服務態度非常的親切，出餐速度很迅速，感覺他們上班很歡樂，讓人用餐時感覺很放鬆，點了ㄧ份雙人套餐，餐點多到真的吃的很撐，還有自助式湯品，白飯，飲料，咖啡，冰沙，真的蠻超值的，之前有點排斥鐵板燒因為青菜都炒的很黑看起來會感覺髒髒的，可是這裡的菜不會黑黑的，看起來乾乾淨淨的，還會親切的詢問是否加辣，服務態度真的很好很親👍👍👍 …,5,老鐵醬平價鐵板燒,,1 年前,0,2
"鐵板鯖魚真的超好吃！外皮煎得酥脆又香，裡面的魚肉又嫩又多汁，完全鎖住了鮮味。簡單的調味就很夠味，吃起來超滿足，重點是價格超親民，CP值爆表！

再來是鐵板豆腐，每塊豆腐都吸滿了醬汁，外酥內嫩，搭配洋蔥和青蔥一起炒，味道超香，每一口都停不下來！不管是不是素食者，吃了都會愛上。 …",5,老鐵醬平價鐵板燒,,1 年前,1,2
"高麗菜很好吃😋 中辣吃到後面有點太辣了！小辣就好，白飯、海帶湯、飲料、續菜免費，有芭樂什麼汁，linepay 沒有money，店員很年輕比較隨意一點

週六7：30客滿 小等一下

椒鹽蝦子：還不錯，自己撥殼，洋蔥有顏色
香煎雞腿排：外皮酥脆，有附洋蔥跟蒜片，但沒有覺得特別新鮮好吃，下次點別的",5,老鐵醬平價鐵板燒,,上次編輯：3 個月前,0,2
"今天跟大家分享「老鐵醬平價鐵板燒」
大約晚上八點過後來用餐，人潮還是不斷的有進來，不知道大家是不是因為新開店來嚐鮮。

個人點了單人A套餐點 鐵醬牛肉+紅燒鐵板豆腐
（特餐價格300），等餐的時候能夠先去使用飲料與湯品，飯也能夠先預備

上菜的時候師傅一個不小心踉蹌，才剛好的主菜灑了出來（當下我是心情平靜的看店家如何反應），當下師傅馬上道歉，並且立刻有服務人員來清理🧹（當時店面還不到爆滿，有立刻處理，也在看看這些年輕人的處置作為）
後續師傅補了主菜給我，並抱歉的招待一分蛤蜊；其實看到店員們眼神，感覺都是忙了一整天很疲累了，也挺同情的，畢竟出來工作都不容易，不過這裡還是得說一下，雖然我其實更喜歡吃羊肉，但我菜單上點的是牛肉啊，補上來的是羊肉就是失誤嘍，客觀陳述事實（驗證臨場反應+經驗）沒有要責怪，畢竟結局我滿意

總之，新開的店，可以來嚐嚐，年輕人出來奮鬥，可以多給點支持👏
菜單跟餐點的照片就附在下面嘍👇",4,老鐵醬平價鐵板燒,,1 年前,1,2
"附近有付費停車格

空間寬敞、乾淨、明亮 …",4,老鐵醬平價鐵板燒,,8 個月前,0,2
"晚上來吃人不像中午那麼多人
內向的我比較敢踏進來吃 …",5,老鐵醬平價鐵板燒,,4 個月前,0,2
"115/02/01
店員態度差到極致。
剛開幕吃過兩次那時候的服務氣氛和現在截然不同， …",1,老鐵醬平價鐵板燒,,1 個月前,0,0
"很髒，大概78點用餐左右兩邊都是前面客人用餐完沒收的盤子，桌面也是拿衛生紙擦擦不掉的油漬，地板走路黏到每一步都可以除鞋底灰塵，吃到一半一個阿姨推出來要五星好評送小菜，我拒絕了因為準備要來留差評😇😇😇
餐點其實還可以，鐵板燒來說有中上，環境真的可以用點心，不然不舒服到一秒都不想多待，連回應店員很熱情再見的力氣都沒有 …",1,老鐵醬平價鐵板燒,,2 個月前,0,0
"氣氛很好😋❤️
一進店就滿滿香氣❤️",5,老鐵醬平價鐵板燒,,2 個月前,0,2
"已經多次光顧😊
主菜炒的好吃，湯品好喝
飲料也有很多選擇，
還會主動詢問是否需要加菜
員工服務的氛圍很棒！

值得推薦給喜歡的人👍🏻",5,老鐵醬平價鐵板燒,,2 個月前,0,2
"炒青菜好吃
豬肉全是洋蔥沒看到什麼肉
雞腿排油耗味很重 …",3,老鐵醬平價鐵板燒,,1 年前,0,1
"大贏漢林鐵板燒！
高麗菜豆芽菜都超好吃可以續 香煎雞腿排也超脆超好吃
而且自助吧品類很多 飯湯飲料無限續
大推！！！
（打卡送的芒果奶凍也超好喝）",5,老鐵醬平價鐵板燒,,8 個月前,0,2
"進門已經2300了，店員還是蠻有精神，不會有氣無力，服務很好。
食物真的不Ok，牛小排每一塊切的比我指甲還小，卻每一塊都跟橡皮筋一樣難咬。洋蔥很少胡椒太多多利魚太鹹。九層塔蛋是我吃過最難吃的蛋，蛋太薄煎太老，苦苦的焦味。非常失望。
本來看到人多所以進來，杯子筷子碗都不夠要現洗，咖啡機出來的巧克力拿鐵，感覺巧克力跟奶粉都沒攪勻。
一個人吃了410，沒有一道菜喜歡
找不到回訪的理由",2,老鐵醬平價鐵板燒,,3 個月前,0,0
"晚上吃飯的好地方，加飯加菜免費
炒菜師父都很專業，個人覺得比大埔好吃，師父在忙都會記得你是大辣小辣有沒有鹹一點🌸且店員很有活力也很有親和力，非常推薦❤️ …",3,老鐵醬平價鐵板燒,,上次編輯：9 個月前,0,1
"點餐時櫃檯沒人
煎台師傅請我先坐
去裝飲料時店員冒出來 問我結帳了嗎？

態度搞得像我不付錢先吃？",4,老鐵醬平價鐵板燒,,1 個月前,0,2
"真的太好吃了！我決定以後都來這間了 飲料飯湯吃到飽，餐點新鮮又好吃不油膩！！
#更
昨天來吃應該沒有10次也有第8次了 我發現每次來 服務員都不太一樣，才終於知道原因..
有一個男店員 對其他員工超兇....超級兇！雖然這好像是可以讓他們動作快一點的動力，但不把他們當人看的感覺應該也是員工留不住的原因吧~
這裡餐點跟服務是真的很棒，但是為那些被罵的員工感到惋惜🥲",5,老鐵醬平價鐵板燒,,上次編輯：7 個月前,0,2
可續菜跟白飯吃到飽就很👍 …,5,老鐵醬平價鐵板燒,,3 個月前,0,2
"食材新鮮實在、味道也很特別
很推薦的店家👍🏻",5,老鐵醬平價鐵板燒,,1 年前,0,2
"說個什麼評論好了～
第一次吃是剛開幕，東西不怎麼好吃，覺得剛開業可能手法不穩定很正常，要給個機會

第二次吃，距離上一次有五個月，這次餐點就真的很有水準，讓人流連忘返

第三次吃距離上一次二個月，水準回到第一次剛開幕的水準。

不過大概會從口袋名單pass了！！

以上用餐體驗僅供參考",3,老鐵醬平價鐵板燒,,上次編輯：10 個月前,0,1
"吃起來沒有在吃鐵板燒的感覺
意思就
是根本就只是清炒過而已
櫃檯態度極差每一個店員都沒有給客人好臉色看
知道你們忙臉臭可以但不要態度跟口氣都那麼差😇
而且餐點還很貴又難吃🙄",2,老鐵醬平價鐵板燒,,1 年前,0,0
服務員親切，餐點好吃，價錢平價不貴！會再光顧！超好評👍👍👍,5,老鐵醬平價鐵板燒,,3 個月前,0,2
真的很好吃的一家鐵板燒，味道很ok，就是食品安全和態度有問題...之前第一次來吃試營運，點了羊肉和鹹豬肉，青菜非常有味道，鹹豬肉也很好吃，洋蔥炒羊肉有股酸味詢問師傅說是正常的，好我能接受可能醬料有醋，第二次來吃是因為高麗菜和豆芽菜真的不錯，想再來試試，結果超後悔哈哈，點這次點了蔥爆蝦仁和鹹豬肉，結果...蝦仁送上來時是溫的，蝦仁內部介於生與熟之間，這我還能接受味道還ok，結果鹹豬肉...呵呵味道一樣非常美味可惜就是炒了個半熟，一開始我還小小聲的問這種是否沒熟，一位阿姨和師傅看了就笑嘻嘻的說重炒一份給我，我說這是重炒的問題嗎？我已經吃了，後來又說要退錢給我...結果只退了鹹豬肉的錢...這是一家店因為給客人吃了不熟的肉能做出來的解決辦法？後來我又詢問誰能做主，你們讓我吃生肉就這樣處理？最後才全退給我，說實在的我不差那200，我不爽的是你們一開始處理的態度，我吃到生肉你們還笑嘻嘻，我吃到生肉妳無所謂是吧？笑你妹啊笑！,1,老鐵醬平價鐵板燒,,1 年前,4,0
"店員看我一份菜不夠吃，還多送我一份😭
鐵醬牛也好好吃😭",5,老鐵醬平價鐵板燒,,1 個月前,0,2
昨晚第一次前往用餐，雖然餐點延誤（晚餐時段人好多喔），唯一美中不足地方，但我還是願意給予高評價，真的好吃😋⋯⋯ …,5,老鐵醬平價鐵板燒,,5 個月前,0,2
"3個人吃 吃$810 超俗的啦
而且每道菜都炒的不錯
服務人員也都會關心有沒有吃飽 需不需要加菜
已經二訪了 上菜速度有加快唷👍
你們很棒",5,老鐵醬平價鐵板燒,,1 年前,0,2
餐點好吃！服務人員親切專業！非常推薦！👍👍👍 …,5,老鐵醬平價鐵板燒,,3 個月前,0,2
"今天晚上來老鐵鍋吃晚餐，依舊cp值超高！
會再回訪😋 …",5,老鐵醬平價鐵板燒,,1 個月前,0,2
"點了雙人套餐
一開始上的高麗菜沒有味道 似乎忘記加鹽
香煎雞腿排吃起來沒味道，肉粉粉的
第一次吃鐵板燒炒羊肉吃到骨頭
蛤蜊感覺不太新鮮",1,老鐵醬平價鐵板燒,,1 年前,1,0
"餐點好吃喔～
但是蜜汁雞腿排有點「獨特」
要點的人要三思😀",4,老鐵醬平價鐵板燒,,9 個月前,0,2
"店內食材新鮮好吃
白飯 青菜 飲料 冰沙 湯都是吃到飽
價位很超值 …",5,老鐵醬平價鐵板燒,,1 年前,0,2
"在大明路新開的鐵板燒，連續來吃三天了。師傅態度都很好，份量也多，重點是好吃😋。
推薦來的店家😄",5,老鐵醬平價鐵板燒,,1 年前,1,2
餐點好吃，還有飲料吧可以喝很讚😎,5,老鐵醬平價鐵板燒,,4 個月前,0,2
第一次來時，應該是剛開幕，那時點海鮮很明顯有苦味，員工經過我們同意試吃，很大聲的表示完全沒有苦味，而且很新鮮，由於味覺因人而異，我們也就不追究。 …,1,老鐵醬平價鐵板燒,,8 個月前,2,0
"評價如此高是因為好評送飲料嗎😓
食物中規中矩，青菜是清淡口味（沒什麼味道）
牛菲力真的老到完全咬不動，不知道在吃什麼東西… …",3,老鐵醬平價鐵板燒,,7 個月前,0,1
出餐速度快，用餐空間寬敞，飲料蠻多選擇的👍,5,老鐵醬平價鐵板燒,,3 個月前,0,2
第二次來吃～～還是一樣好吃😋 …,5,老鐵醬平價鐵板燒,,3 個月前,0,2
"店員人很好 很搞笑欸😆
用餐環境很舒服！",5,老鐵醬平價鐵板燒,,10 個月前,0,2
餐點好吃，服務好💕,5,老鐵醬平價鐵板燒,,2 個月前,0,2
好吃，離家近，價格平價🥴 …,5,老鐵醬平價鐵板燒,,3 週前,0,2
"今天突然想吃鐵板燒，滑到這間～
價格算平價但份量不平價～
我單點了一份塔香蟳肉$190 裡面真的滿滿蟳肉，吃完最上面的，翻開第二層的洋蔥居然還有超多蟳肉，而且每個還不小😋（跟連鎖的比起來真的超有誠意！
總之是屬於絕對會再訪的店🫶 希望能維持水準！",5,老鐵醬平價鐵板燒,,9 個月前,0,2
很好吃😋 環境很好👍 …,5,老鐵醬平價鐵板燒,,2 個月前,0,2
這餐廳必須給到6顆星🌟🌟🌟🌟🌟🌟，菜好吃到沒味道沒有鹹，主食也很棒，我點的是單人套餐菲力牛加奶油金針菇還有一份香酥雞腿排，菲力牛中規中矩，金針菇好吃到需要一直喝水（鹹😵‍💫），雞腿排也好吃到沒味道沒鹹，給到6顆星是因為實在是太棒了，棒到我不會再去吃第二次，還有服務人員很多可以照料到每位顧客沒錯，但帽子不知道會不會帶，帽子後面調鬆緊的調最緊然後放在頭上，非常懷疑菜裡面如果有頭髮的話會是工作人員的呦🤩，最後總覺得五星是拿來兌換飲料、果凍的呦，實在是太棒了🙂🙂 …,1,老鐵醬平價鐵板燒,,8 個月前,0,0
味道不錯，整體感受👍,5,老鐵醬平價鐵板燒,,3 個月前,0,2
"好吃好停車
一次上癮👍 …",5,老鐵醬平價鐵板燒,,1 個月前,0,2
"五星好評送飲料

高麗菜吃起來是苦的 也都黑黑的
雞肉吃起來有一個怪味
送餐的時候放著就走 不會告知品項
把牛肉說成豬肉（同行有人不吃牛）",1,老鐵醬平價鐵板燒,,9 個月前,0,0
不會吃的滿身油煙味 羊肉超級好吃  跟最近的大埔比起來 我覺得羊騷味更重 份量更多！而且菜量也給的比大埔多 😍 有提供廁所使用 廁所超級乾淨🥹 整體給五顆星 可回訪💖 店裡面還有咖啡、飲料、冰沙 飯和湯都是可以多次取用的～真心推！！ …,5,老鐵醬平價鐵板燒,,11 個月前,0,2
餐點好吃😋、上菜快速 …,5,老鐵醬平價鐵板燒,,8 個月前,0,2
下班後的好選擇 好吃👍 …,5,老鐵醬平價鐵板燒,,1 個月前,0,2
好吃😋服務很棒👍,5,老鐵醬平價鐵板燒,,2 個月前,0,2
工作就近用餐、點的是二人豪華海鮮餐920元（價錢是合理也算平價）但現場氣氛整個感覺像在打仗😂🤣首次來這用餐、可能還不習慣這種打仗式風格😅謝謝老闆🤣🤣🤣 …,5,老鐵醬平價鐵板燒,,1 年前,0,2
餐點很好吃😋，飯青菜湯飲料可以再續，青少年朋友吃的很飽很開心,5,老鐵醬平價鐵板燒,,上次編輯：6 個月前,0,2
"來吃好幾次了…
傍晚來吃生意很好
口味不錯，員工親切活潑 …",5,老鐵醬平價鐵板燒,,1 年前,1,2
"讚讚

觀望很久

終於來吃

好吃😋

下次再來",5,老鐵醬平價鐵板燒,,1 年前,0,2
"店員服務很好👍
好吃😋 …",5,老鐵醬平價鐵板燒,,11 個月前,0,2
"剛開幕 動線沒有很明確
要先點餐 買單 再安排入座
也沒有送任何餐點 …",2,老鐵醬平價鐵板燒,,1 年前,1,0
今日吃的是晚餐，剛進店時服務人員態度很好👍但是動線稍微混亂了一點，美中不足的是點餐之後櫃檯人員問了兩次要不要加辣，都說是小辣，可是後來上的餐點都沒什麼味道，沒有辣 同行的家人也都覺得沒有辣，高麗菜跟豆芽菜到吃完也都還沒上，後來有跟櫃檯反應，而且點了一道鐵醬牛肉，但家人在裡面吃到了頭髮以及石頭，當下有跟外場的人員反應！後來有重上一盤，店裡的人員辛苦了，客人多 你們也忙，但希望貴店能再稍微改善動線以及整體工作人員的默契，希望大家能夠配合的再更好，不會像今日一樣有那麼混亂的情況再次發生，希望貴店生意長紅，之後如果能夠再去用餐能夠有更好的用餐體驗！謝謝,3,老鐵醬平價鐵板燒,,1 年前,0,1
"餐點平價好好吃👍 服務人員們很親切💕
已來內用很多次，店員們都會很親切打招呼 讚讚 …",5,老鐵醬平價鐵板燒,,11 個月前,0,2
超讚 超好吃🤩🤩🤩,5,老鐵醬平價鐵板燒,,2 個月前,0,2
食材好吃😋服務親切,5,老鐵醬平價鐵板燒,,3 個月前,0,2
高麗菜、豆芽菜、白飯、湯品、飲料都可以吃到飽，10月11日來吃可能剛開幕沒多久，加上用餐的人都很餓，加菜的時候有一點混亂，但是無傷大雅，師傅和服務人員的服務品質都很棒，調味很剛好不會太鹹，一定可以吃很飽，以後吃鐵板燒都來吃這一間了👍 …,5,老鐵醬平價鐵板燒,,1 年前,1,2
"店內人山人海非常忙碌
但是餐點依舊好吃不馬虎
推薦大家來用餐
讚讚讚🙌🏻👍🏻",5,老鐵醬平價鐵板燒,,8 個月前,0,2
服務親切，食物美味😋 …,5,老鐵醬平價鐵板燒,,10 個月前,0,2
"餐點好吃服務又親切
空間很大用餐起來很舒適
飯可以續吃還有很多的飲料多選擇 …",5,老鐵醬平價鐵板燒,,1 年前,1,2
美味😋 值得再來,5,老鐵醬平價鐵板燒,,1 個月前,0,2
Cp值很高的一間鐵板燒👍 …,5,老鐵醬平價鐵板燒,,3 個月前,0,2
打卡就送飲料喔😘,5,老鐵醬平價鐵板燒,,9 個月前,0,2
餐點好吃😋服務一級棒👍,5,老鐵醬平價鐵板燒,,10 個月前,0,2
"實在是很不好吃，輸大埔或料鐵哥好幾條街

師傅態度很粗魯，服務非常差 …",1,老鐵醬平價鐵板燒,,1 年前,1,0
菜多服務好。只是冷氣好冷🥶⋯⋯啊啊啊啊🤣。菜跟肉也吹冷了🤣比大買家附近的大X好吃多了 …,5,老鐵醬平價鐵板燒,,1 年前,0,2
真的很很很好吃😋cp值高，老闆娘人很nice👍🏼👍🏼 …,5,老鐵醬平價鐵板燒,,10 個月前,0,2
"好吃👏🏻
推薦大家來吃
而且飯吃到飽的鐵板燒少見了",5,老鐵醬平價鐵板燒,,11 個月前,0,2
用餐環境乾淨明亮！上菜快速！服務很親切！👍👍👍 …,5,老鐵醬平價鐵板燒,,10 個月前,0,2
"服務超棒👍
餐點好吃❤️",5,老鐵醬平價鐵板燒,,8 個月前,0,2
很好吃😋服務不錯👍,5,老鐵醬平價鐵板燒,,8 個月前,0,2
"前幾天下午去吃，熱到全身都在滴汗。
東西味道普通不雷
白飯不好吃
員工….😒",1,老鐵醬平價鐵板燒,,1 年前,1,0
環境寬敞乾淨整潔 彩色多樣且好吃😋 …,5,老鐵醬平價鐵板燒,,8 個月前,0,2
老闆蔬菜無限續👍🏻,5,老鐵醬平價鐵板燒,,3 個月前,0,2
闆娘很親切～～環境很乾淨🥰,5,老鐵醬平價鐵板燒,,1 年前,0,2
第一次來，服務很好，生意也非常好👍,5,老鐵醬平價鐵板燒,,上次編輯：10 個月前,0,2
餐點好吃，服務親切👍已二訪 …,5,老鐵醬平價鐵板燒,,1 年前,0,2
來吃好多次了，口味沒話說👍🏻,5,老鐵醬平價鐵板燒,,10 個月前,0,2
食物真的好吃又新鮮，值得推薦的好店家👍,5,老鐵醬平價鐵板燒,,1 年前,0,2
好吃 讚👍👍👍,5,老鐵醬平價鐵板燒,,2 個月前,0,2
"服務好～推推！

😋好吃",5,老鐵醬平價鐵板燒,,9 個月前,0,2
好吃 環境服務很讚😎 …,5,老鐵醬平價鐵板燒,,1 年前,2,2
好吃 環境很好,5,老鐵醬平價鐵板燒,,10 個月前,0,2
服務很棒☺️,5,老鐵醬平價鐵板燒,,2 個月前,0,2
服務很好～😍 …,5,老鐵醬平價鐵板燒,,3 個月前,0,2
服務很好 餐點好吃👍 …,5,老鐵醬平價鐵板燒,,11 個月前,0,2
餐點好吃，阿姨很親切！,5,老鐵醬平價鐵板燒,,1 年前,0,2
服務超級好，價位親民😁😁 …,5,老鐵醬平價鐵板燒,,10 個月前,0,2
來嚐鮮，平價量多👍,5,老鐵醬平價鐵板燒,,10 個月前,0,2
好吃值回票價👍,5,老鐵醬平價鐵板燒,,8 個月前,0,2
環境很好👍🏻 …,5,老鐵醬平價鐵板燒,,3 個月前,0,2
服務很好👍,5,老鐵醬平價鐵板燒,,3 個月前,0,2
新開幕的 很好吃👍服務很好 …,5,老鐵醬平價鐵板燒,,1 年前,1,2
餐點,5,老鐵醬平價鐵板燒,,1 週前,0,2
平價 好吃 大推一個👍 …,5,老鐵醬平價鐵板燒,,1 年前,1,2
服務人員超熱情nice👍 …,5,老鐵醬平價鐵板燒,,10 個月前,0,2
好吃很讚,5,老鐵醬平價鐵板燒,,11 個月前,0,2
可以加菜 超讚👍,5,老鐵醬平價鐵板燒,,1 年前,0,2
店員親切東西好吃👍🏻👍🏻👍🏻,5,老鐵醬平價鐵板燒,,1 年前,1,2
讚喔👍,5,老鐵醬平價鐵板燒,,1 個月前,0,2
平價又好吃👍👍,5,老鐵醬平價鐵板燒,,1 年前,1,2
闆娘人很好很漂亮,5,老鐵醬平價鐵板燒,,1 年前,1,2
超級好吃😋 …,5,老鐵醬平價鐵板燒,,1 年前,0,2
白飯吃到飽👍 …,5,老鐵醬平價鐵板燒,,1 年前,1,2
👍🏻,5,老鐵醬平價鐵板燒,,10 個月前,0,2
冷氣太強,5,老鐵醬平價鐵板燒,,5 個月前,0,2
讚👍🏻,5,老鐵醬平價鐵板燒,,3 個月前,0,2
食物非常新鮮👍🏻,5,老鐵醬平價鐵板燒,,10 個月前,0,2
鐵板燒一直都是我非常喜歡的一種料理方式，而這次的用餐體驗更是讓我留下了非常深刻的印象。從一走進餐廳開始，就能感受到整體環境非常乾淨舒適，空間寬敞明亮，座位安排也很合理，讓人用餐時感到相當放鬆。鐵板燒最大的魅力之一，就是可以近距離看到師傅現場料理，每一個動作都非常俐落專業，看著食材在鐵板上滋滋作響，香氣慢慢飄出來，真的讓人食慾大開。 …,5,老鐵醬平價鐵板燒,,1 天前,0,2
"很好吃
這次去吃鐵板燒的體驗其實蠻有趣的。一開始坐在鐵板前面，看著師傅在我們面前直接料理食材，整個過程很有臨場感。師傅動作很俐落，從煎肉、炒菜到翻動食材都很熟練，有時候還會做一些小技巧，讓整個用餐過程變得很有表演感。 …",5,老鐵醬平價鐵板燒,,1 天前,0,2
超級好吃推推推💖,5,老鐵醬平價鐵板燒,,上次編輯：1 天前,0,2
超好吃😋 …,5,老鐵醬平價鐵板燒,,3 個月前,0,2
超好吃👍🏻,5,老鐵醬平價鐵板燒,,1 個月前,0,2
好吃喔！ 👍🏻👍🏻👍🏻 …,5,老鐵醬平價鐵板燒,,1 個月前,0,2
超好吃！ ！ ❤️,5,老鐵醬平價鐵板燒,,3 個月前,0,2
好吃好吃😋,5,老鐵醬平價鐵板燒,,1 個月前,0,2
好吃😋😋😋 …,5,老鐵醬平價鐵板燒,,1 個月前,0,2
很好吃 👍,5,老鐵醬平價鐵板燒,,8 個月前,0,2
好吃好吃 好喝好喝,5,老鐵醬平價鐵板燒,,3 個月前,0,2
速度快又好吃😋,5,老鐵醬平價鐵板燒,,10 個月前,0,2
美味😋 …,5,老鐵醬平價鐵板燒,,10 個月前,0,2
棒棒 👍🏼,5,老鐵醬平價鐵板燒,,1 年前,0,2
"說真的，餐點做錯或是失誤一點都不丟臉
你在我面前把鮭魚煎到燒焦 你選擇重新做
我對於你的品質是認可的 但是你讓我等待
也麻煩你好好的來跟我說一下 不是我看著你把比我後面來的人的餐點跟你重新煎鮭魚的餐點同時進行出餐 先後順序你搞不清楚危機是你搞不清楚 還有站在櫃檯的，也明知道眼睜睜看著我一起在看著重新煎的鮭魚 你也不來跟我說一聲，請問我的時間不是時間你們的時間都是時間？不就剛好我是做餐飲業的，所以我也知道你們在幹嘛，好好一個休假被你浪費這麼久的時間你要怎麼補償我？",1,老鐵醬平價鐵板燒,,10 個月前,2,0
"高麗菜沒有放鹽巴滿滿的土味
豆芽菜超生！就像根本沒有炒過一樣…
香煎雞腿排可以完全不鹹？（自認口味算清淡的人，還要沾雞蛋豆腐的醬汁吃 …",1,老鐵醬平價鐵板燒,,1 年前,3,0
"全家大小原本開心來吃飯，標榜有加菜，但等很久，店員態度不佳，嗆聲生意很好等一下不行嗎，後來離開時起身不小心撞到就說我們是故意的發生激烈爭吵，是很有「江湖個性」的店家，在店內大吵不歡而散，不會再來了！也會提醒週邊親友，這麼江湖做生意的公司，適合金盆洗手風格的店員，從上到下都一個個性的主管跟店員，真蚌！

====更新====
請老闆娘去調監視器看一下你們的店員怎麼應對客人：把鏟子放下來，臉很臭瞪著客人：單很多就是要等，然後送菜的時候嘴巴表面上道歉讓我們等，實際上態度還是差，一家老小不會沒事幹要兇店員，如果不是前面累積了委屈，才會來回吵起來，誰想花1000多塊吃的滿肚子氣？",1,老鐵醬平價鐵板燒,,7 個月前,0,0
"味道就不多說了
吃飯沒筷子 提醒兩次要續菜 一直等到要離場了還是沒看到菜
衛生超級糟糕 …",1,老鐵醬平價鐵板燒,,1 年前,0,0
這家餐廳剛開業的時候我就給了3次來這裡吃飯的機會！每次我都很失望，工作人員真的不善於溝通，而且很粗魯……每次他們要我在飯前付款，當我看到其他顧客時，他們在飯後付款……今天是我最後一次在那裡10/20 01： …,1,老鐵醬平價鐵板燒,,1 年前,0,0
點海鮮雙人套餐+牛肉+升級干貝，都吃完了，高麗菜跟豆芽菜都沒有出現，很蝦，以後不會再去了,1,老鐵醬平價鐵板燒,,1 年前,0,0
"看評價蠻高分，所以特地來吃，剛開始覺得櫃台還蠻有效率，雖是週末，一時等待的人很多，但還是很快入座了，冷氣很夠涼，空間又蠻大，櫃台感覺也蠻有元氣有禮貌。

點了豬肉、比目魚、蔥蛋，上菜蠻快，口味普通偏淡，每道菜份量都不大，豬肉超少，沒幾塊肉，蔥蛋煎得偏乾，但高麗菜可以續還不錯。 …",2,老鐵醬平價鐵板燒,,8 個月前,0,0
"做餐飲很辛苦，加一星
但說實在，不好吃，不多說，想試就去，評價很高是洗的。
CP值超低……懶得寫了
好想灌水，難吃不能只有我吃到，歡迎光臨😂 …",2,老鐵醬平價鐵板燒,,3 個月前,0,0
點了一份蒜香松阪豬～不知道是豬太肥還是怎樣…盤底都是油！一邊吃肉一邊擦油…我也是醉了😵‍💫 …,2,老鐵醬平價鐵板燒,,1 年前,0,0
"來10次有11次都是高高黑黑的師傅炒的
服務態度有跟沒有一樣
一副我欠你好幾千萬的臉
憑什麼跟你說小辣
你一副要跟我輸贏的嘴臉以及樣子
來這邊吃飯還要看你臉色
手戴金戒指金手鏈比較秋嗎
炒個鐵板燒 囂張成這樣
宵夜來吃也是一樣 愛接不接的
講話要理不理
我在櫃檯了 還有辦法玩手機 甚至人還消失不見
要大聲喊有人在嗎！ 才會有人出來
更誇張的門原來是電動的
到了宵夜就會變成手動的
現在門要自己拉開才有辦法進來
那個很跩的如果不想做服務業真的別做了",3,老鐵醬平價鐵板燒,,7 個月前,0,1
"整體來說我給60分剛好及格，評論是因為贈送飲料所以衝得蠻高的，在工作剛結束的晚上有一間請同事吃飯的地方不錯，但有以下幾點我覺得可以再加強
1.人力安排及動線問題：我覺得有一個專門在整理環境的人就好了，但我看到有兩個人總是走來走去，這個人力有點浪費，如果可以用在餐點製作上，相信可以改善品質跟速度。 …",3,老鐵醬平價鐵板燒,,9 個月前,0,1
可能現炒師傅不夠，所以等菜等很久，然後菜調味鹹死人，不穩定，而且要多加一份青菜，也加到忘記，基本上來說不會再回訪😰 …,3,老鐵醬平價鐵板燒,,1 年前,0,1
"食物：
不能說很難吃，但也稱不上好吃，只能說4.8顆星有點過譽😅豆芽菜跟高麗菜相比較多，並且多了一點點醋味，但是不會太重（不愛醋的我是不會排斥啦） …",4,老鐵醬平價鐵板燒,,2 個月前,0,2
"東西都蠻好吃的，是偏重口味的鐵板燒！
但衛生真的需要改進一下，碗還有上一個人留下的飯粒，我真的不想加菜🤮
希望可以改進，不然可惜了一家好吃的店🥹 …",4,老鐵醬平價鐵板燒,,1 年前,2,2
"有嚇到欸
190竟然有飲料自助吧
咖啡機(可惜去的時候沒巧克力

白飯吃到飽
重要的是菜竟然也可以吃到飽！！

食物本身：

高麗菜很會炒！！
真的不是只有刺青的才會炒好不好🥴🙄
店員態度也都很好，也很可愛有趣

肉本身份量不算多但這樣子190我覺得CP值爆高
內用環境也算大！！
希望下次來有巧克力可以喝><",5,老鐵醬平價鐵板燒,,1 個月前,0,2
"用五星已經無法評論了！
他已經超越了所有連鎖店了！
驚訝的是，炒功真的一流！超級好吃！
而且兩樣青菜是我吃過最好吃的青菜！！
可惜不在太平，不然我真的每天去吃！！",5,老鐵醬平價鐵板燒,,1 個月前,0,2
食物很好吃，下次會再來喔,5,老鐵醬平價鐵板燒,,1 個月前,0,2
"這家老鐵醬真的超好吃😋飯可以無限吃，是不是超誘人🤤鐵板燒就是超下飯～
海鮮大推，都是真材實料，食材cp值超高👍🏻
我下次一定會再來光顧💓",5,老鐵醬平價鐵板燒,,10 個月前,0,2
服務很好👍🏻又非常好吃呦～ …,5,老鐵醬平價鐵板燒,,3 個月前,0,2
非常好吃，大力推薦🫰,5,老鐵醬平價鐵板燒,,4 個月前,0,2
"上菜快速
高麗菜豆芽菜小辣超好吃
連最基本的副菜都好吃 …",5,老鐵醬平價鐵板燒,,2 個月前,0,2
東西好吃😋 值得再訪！很推薦👍 …,5,老鐵醬平價鐵板燒,,1 個月前,0,2
"用餐空間舒適不擁擠
適合帶小孩用餐（推車可進）
口味服務也不錯
飲料多種選擇
很像還有滿額打卡送特製的飲品",5,老鐵醬平價鐵板燒,,5 個月前,0,2
老板親切熱情，餐點超級好吃😋,5,老鐵醬平價鐵板燒,,3 個月前,0,2
"服務很好
環境也很乾淨
很好吃 👍 …",5,老鐵醬平價鐵板燒,,1 個月前,0,2
東西好吃😋、服務態度非常好、價格經濟實惠👍,5,老鐵醬平價鐵板燒,,6 個月前,0,2
"真的好吃😋
送餐速度快👍🏻",5,老鐵醬平價鐵板燒,,10 個月前,0,2
出餐速度快！好吃😋,5,老鐵醬平價鐵板燒,,2 個月前,0,2
CO值高 送餐速度快 👍 …,5,老鐵醬平價鐵板燒,,1 個月前,0,2
很美味😋,5,老鐵醬平價鐵板燒,,4 個月前,0,2
👍👍👍好吃！超值！ …,5,老鐵醬平價鐵板燒,,4 個月前,0,2
"送餐速度很快～
好吃😋",5,老鐵醬平價鐵板燒,,11 個月前,0,2
第一次來吃，好吃,5,老鐵醬平價鐵板燒,,34 分鐘前,0,2
之前路過覺得很好吃😋今天又過來吃，價格也合理,5,老鐵醬平價鐵板燒,,21 小時前,0,2
物美價廉 東西好吃😋推薦給大家 …,5,老鐵醬平價鐵板燒,,1 天前,0,2
料多味美👍👍👍 …,5,老鐵醬平價鐵板燒,,上次編輯：1 天前,0,2
"感覺評價都是洗出來的！等個菜等超久，而且份量很少，很餓的人千萬不要來，會餓死
本來快吃飽，等個菜又餓了…還沒有大埔好吃，價格也普通沒有特別便宜",1,老鐵醬平價鐵板燒,,1 週前,0,0
平價好吃😋 …,5,老鐵醬平價鐵板燒,,2 週前,0,2
鐵板燒師傅很親切🫡,5,老鐵醬平價鐵板燒,,2 週前,0,2
"比連鎖的鐵板燒好吃太多太多了😋
服務很好餐又好吃一定會再來吃100次😍 …",5,老鐵醬平價鐵板燒,,1 個月前,0,2
料理很好吃,5,老鐵醬平價鐵板燒,,1 個月前,0,2
平價好吃😋服務很讚👍,5,老鐵醬平價鐵板燒,,1 個月前,0,2
💯 份量實在、價格合理，CP值超高，會想再回訪。 …,5,老鐵醬平價鐵板燒,,1 個月前,0,2
😍😍 …,5,老鐵醬平價鐵板燒,,1 個月前,0,2
全家都愛吃😊😊😊,5,老鐵醬平價鐵板燒,,1 個月前,0,2
餐點豐富,5,老鐵醬平價鐵板燒,,1 個月前,0,2
服務態度佳，速度也很快唷🥰,5,老鐵醬平價鐵板燒,,1 個月前,0,2
離家很近的鐵板燒。好吃😋,5,老鐵醬平價鐵板燒,,1 個月前,0,2
"住在北屯 半夜突然想吃鐵板燒
看到這間店 想著試試看
沒想到 吃到收藏店了。 …",5,老鐵醬平價鐵板燒,,2 個月前,0,2
超好吃 菜菜吃到飽 飯飯吃到飽 飲料也喝到飽,5,老鐵醬平價鐵板燒,,上次編輯：2 個月前,0,2
態度好，價格實惠👍 …,5,老鐵醬平價鐵板燒,,2 個月前,0,2
高麗菜炒的很好吃，服務也很好👍,5,老鐵醬平價鐵板燒,,2 個月前,0,2
服務態度超讚👍🏻 …,5,老鐵醬平價鐵板燒,,2 個月前,0,2
餐點好吃，服務也很親切 店內空間寬敞舒適 大推👍,5,老鐵醬平價鐵板燒,,2 個月前,0,2
好吃 人員也都很友善～,5,老鐵醬平價鐵板燒,,3 個月前,0,2
回訪很多次了 好吃😋❤️❤️❤️ …,5,老鐵醬平價鐵板燒,,3 個月前,0,2
來吃好多次了！！非常美味😍 …,5,老鐵醬平價鐵板燒,,3 個月前,0,2
好吃😋回訪二👍🏻打卡送芒果奶凍🥭 …,5,老鐵醬平價鐵板燒,,4 個月前,0,2
好吃 👍,5,老鐵醬平價鐵板燒,,4 個月前,0,2
好吃 讚,5,老鐵醬平價鐵板燒,,4 個月前,0,2
2025/07/13初訪，以價格來說份量真的是略少，附上的高麗菜跟豆芽菜都有加入醬汁拌炒，第一次味道不夠吃起來沒什麼特殊，第二次非常重口有醬香味但是太鹹了，味道掌控不太行，口味到是其次！（後續會提到重點….），老闆娘態度很好，店家辦活動評價送飲料，飲料不錯喝，從老闆娘態度能體會經營一家店要付出的心血以及不容易，所以更要講出來，這次用餐感覺最差的是，整間店廚師口罩戴在下巴上完全沒遮蔽口鼻，不論是客人進出店員打招呼，或是喊菜溝通等等，導致口沫橫飛，衛生問題大大的扣分！我第一盤菜裡 …,4,老鐵醬平價鐵板燒,,上次編輯：4 個月前,0,2
"從開幕吃到現在，覺得店裏的環境衛生越來越差，之前是走到白飯與湯那個區域會聞到味道，最近一次坐在位子上就聞到怪味，很像一間很老的餐館很少打掃，清洗地板，那種怪味

飲料區也是越來越髒的感覺 …",2,老鐵醬平價鐵板燒,,4 個月前,0,0
"跟同等級的鐵板燒相比偏貴偏難吃
鐵醬X肉系列有80%都是肥肉🤢吃個寂寞
其他主餐肉質硬又難吃 …",1,老鐵醬平價鐵板燒,,5 個月前,0,0
好好吃喔,5,老鐵醬平價鐵板燒,,5 個月前,0,2
"一進去就有一個臭味，越靠近自助吧味道越重，像是抹布用很久都沒洗臭掉的味道，看進去工作區域整個很髒亂衛生程度堪憂⋯也有蒼蠅出現

看了評分才去的。評分會那麼高是因為店裡有打卡5顆星送點心飲品的活動⋯大家為了贈品不得以才打5顆星的，浪費一餐的熱量在這間餐廳真的令人生氣 …",1,老鐵醬平價鐵板燒,,6 個月前,1,0
又來回訪了，公婆家住在附近，划算又大碗，適合常來吃,5,老鐵醬平價鐵板燒,,上次編輯：6 個月前,0,2
很好吃 服務很好,5,老鐵醬平價鐵板燒,,8 個月前,0,2
飲料多樣，可續菜.續飯,5,老鐵醬平價鐵板燒,,8 個月前,0,2
好吃推推👍,5,老鐵醬平價鐵板燒,,8 個月前,0,2
氣氛極佳👍,5,老鐵醬平價鐵板燒,,8 個月前,0,2
"服務超親切 白飯青菜無限續
大里超好吃鐵板燒👍👍",5,老鐵醬平價鐵板燒,,9 個月前,0,2
餐點好吃，環境很明亮乾淨，用餐很舒服👍,5,老鐵醬平價鐵板燒,,9 個月前,0,2
"超級大推 以平價來說完勝大埔跟料鐵哥
高麗菜豆芽可以續 白飯也是內用自助
學生黨大推👍👍👍

高麗菜很鮮甜
香煎雞腿排皮煎的很脆 沒有過多調味
過年來雖然有酌收服務費
收的很有價值

店員會至桌邊詢問菜量夠不夠需不需要加菜
有東西需要另外放會挪椅子讓我們放包包外套

重點是環境很乾淨
桌子地板都不油不髒
店員們感情看起來都不錯很歡樂
吃起來就不會很有壓力
真的大推👍

店員人也都很好，超棒的店",5,老鐵醬平價鐵板燒,,上次編輯：9 個月前,0,2
"量很多 味道不錯
服務人員會問你有沒有吃飽👍 …",5,老鐵醬平價鐵板燒,,10 個月前,0,2
超級飽👍,5,老鐵醬平價鐵板燒,,10 個月前,0,2
"已經來吃3.4次了
雖然價格偏高 但真的很好吃😋 …",5,老鐵醬平價鐵板燒,,10 個月前,0,2
"超級好吃到不行
菜色，新鮮
肉質軟Q …",5,老鐵醬平價鐵板燒,,10 個月前,0,2
很好吃😋讚 …,5,老鐵醬平價鐵板燒,,10 個月前,0,2
服務很棒～店內店員很熱情～😆 …,5,老鐵醬平價鐵板燒,,10 個月前,0,2
第一次來吃～感覺很讚😍,5,老鐵醬平價鐵板燒,,10 個月前,0,2
飯🍚完全沒熟吃了很痛苦,2,老鐵醬平價鐵板燒,,10 個月前,0,0
"超好吃的啦
環境不錯👍😌",5,老鐵醬平價鐵板燒,,11 個月前,0,2
"新開的鐵板燒
外場招待的店員很有活力，服務很好！
打卡送飲料！
我比較喜歡重口味（不是鹹），廚師願意幫我做一點客製化的餐點，非常棒！
餐點給的數量很多！
即便沒有送飲料也值得再來！",5,老鐵醬平價鐵板燒,,11 個月前,0,2
"沒有很餓千萬不要點雙人套餐$620
主餐的肉一盤+菜一盤+2盤料理吃完真的好飽
飯跟飲料、湯都是自取
很適合大食量的男生
個人覺得調味蠻鹹
（很下飯所以不小心吃很多）
不過鐵板燒好像都這樣🤔
店家非常親切
會一直問你有吃飽嗎要加菜嗎
這天還有招待兩小盤牛肉
老公不吃牛所以只好我一個人吃兩盤😆
吃完真的飽到天靈蓋
之後還會想回訪～",5,老鐵醬平價鐵板燒,,11 個月前,1,2
真好吃，吃的超快樂的🥰 …,5,老鐵醬平價鐵板燒,,1 年前,0,2
"凌晨下班 可以吃到那麼好吃的鐵板燒🥹🥹🤍
謝謝老闆 …",5,老鐵醬平價鐵板燒,,1 年前,0,2
"台式口味 很像熱炒的感覺 很好吃
可以在鐵板燒店吃到蛤蜊感覺很開心
老闆很親切 還會幫忙補青菜
飲料 湯 白飯都無限量 很有誠意
位置也很乾淨清潔
以後會常常來😆",5,老鐵醬平價鐵板燒,,1 年前,0,2
阿陳師傅帥氣 炒的好吃😋,5,老鐵醬平價鐵板燒,,1 年前,0,2
用餐環境乾淨寬敞不擁擠，菜品飲料白飯都吃到飽，菜品不會鹹膩，阿陳師傅炒的菜豪豪吃👍 …,5,老鐵醬平價鐵板燒,,1 年前,0,2
"超級好的好吃、服務又親切吃到飽
有咖啡喝 有冰沙 飯吃到飽👍👍👍
便宜又好吃 值得5顆星👍👍👍",5,老鐵醬平價鐵板燒,,1 年前,0,2
"用餐環境舒服 闆娘也很熱情
宵夜肚子餓也可以來 好讚👍 …",5,老鐵醬平價鐵板燒,,1 年前,1,2
環境好服務也好，好吃有空可以來吃看看👍,5,老鐵醬平價鐵板燒,,1 年前,0,2
餐點好吃 服務非常好👍,5,老鐵醬平價鐵板燒,,1 年前,1,2
"高麗菜跟豆芽可以續、每次續都要等而且份量就是一點點，並且續太多次店員的態度就會變差。
後來越炒越隨便，原本翠綠的高麗菜會變醬油色，原本口味不辣還會幫你調整成辣味。",3,老鐵醬平價鐵板燒,,1 週前,0,1
五星送東西，餐點普普通通裡面環境覺得沒有很乾淨，可能油煙太多。可以刷卡💴，自助吧飲料機有點髒髒的，機台都沒擦。不過服務還不錯👍鐵板燒算普通。,3,老鐵醬平價鐵板燒,,上次編輯：6 個月前,0,1
"超讚👍
師父都很有禮貌😊
都會問有沒有吃飽 …",5,老鐵醬平價鐵板燒,,3 週前,0,2
來吃三次了 超讚👍,5,老鐵醬平價鐵板燒,,1 個月前,0,2
"飯吃到飽
兩人套餐超多好吃😋",5,老鐵醬平價鐵板燒,,10 個月前,0,2
服務好～ 餐點好吃😋 …,5,老鐵醬平價鐵板燒,,4 個月前,0,2
餐點好吃，選擇多👍,5,老鐵醬平價鐵板燒,,4 個月前,0,2
個人口味比較清淡，下次會提前告知少油及醬汁，煎雞腿排好吃😋 …,4,老鐵醬平價鐵板燒,,8 個月前,0,2
好吃😋 值得推薦 …,5,老鐵醬平價鐵板燒,,2 個月前,0,2
很好吃😋cp值很高 服務人員很讚,5,老鐵醬平價鐵板燒,,10 個月前,0,2
追蹤按讚會送奶油烤杏鮑菇。附近停車場走路大概五分鐘內。剛開幕店員們跟老闆娘感覺很混亂。高麗菜沒熟，豆芽生味很重。建議主動指示客人櫃檯點餐，看每組客人點完都一直把單遞給廚師🤣🤣,2,老鐵醬平價鐵板燒,,1 年前,1,0
"下午3-4點左右過去用餐
加上我們兩位還有三個客人
裡面悶熱到比室外還熱
用完餐後的桌面都沒收
我們已經入座了還是沒收
等我主動告知才收拾
桌面也是黏黏的
白飯裝過來的時候我就發現顏色怪怪的
果然吃一口是隔夜飯
沒有餿掉但味道不是當天煮的
其餘餐點的味道每個人口味不同",1,老鐵醬平價鐵板燒,,1 年前,2,0
好吃，超讚👍,5,老鐵醬平價鐵板燒,,4 個月前,0,2
好吃 回訪多次,5,老鐵醬平價鐵板燒,,2 個月前,0,2
服務很好～好吃😋,5,老鐵醬平價鐵板燒,,4 個月前,0,2
"服務超親切 白飯青菜無限續
大里超好吃鐵板燒👍👍 …",5,老鐵醬平價鐵板燒,,9 個月前,0,2
好吃又不會很貴,5,老鐵醬平價鐵板燒,,8 個月前,0,2
餐點好吃 店員和善～,5,老鐵醬平價鐵板燒,,8 個月前,0,2
餐點好吃😋讚👍 …,5,老鐵醬平價鐵板燒,,上次編輯：8 個月前,0,2
每次來都吃超飽🥹,5,老鐵醬平價鐵板燒,,10 個月前,0,2
非常好吃，讚👍👍👍,5,老鐵醬平價鐵板燒,,10 個月前,0,2
東西快速 環境乾淨,5,老鐵醬平價鐵板燒,,9 個月前,0,2
超級飽👍 …,5,老鐵醬平價鐵板燒,,10 個月前,0,2
好吃平價白飯吃到飽,5,老鐵醬平價鐵板燒,,8 分鐘前,0,2
服務好👍 …,5,老鐵醬平價鐵板燒,,24 分鐘前,0,2
服務體貼🩷,5,老鐵醬平價鐵板燒,,26 分鐘前,0,2
好吃好停車,5,老鐵醬平價鐵板燒,,36 分鐘前,0,2
好吃 👍 …,5,老鐵醬平價鐵板燒,,4 個月前,0,2
很好吃🥹🥹 …,5,老鐵醬平價鐵板燒,,1 年前,0,2
好吃👍👍👍👍 …,5,老鐵醬平價鐵板燒,,10 個月前,0,2
"整間店有一股難聞的氣味，感覺是煎台內地板還有抹布留在桌面的味道

東西味道尚可、服務也很熱情 …",2,老鐵醬平價鐵板燒,,6 個月前,0,0
"第一次到這邊吃飯是由朋友介紹
鐵板炒出來的青菜很有香氣
這次點的是素食の紅燒鐵板豆腐+羊肉
青菜還可以再續（超愛鐵板青菜の福音）
炒的很入味，重口味的會十分滿意
很好下飯扒了兩大碗
後方還有冰沙機.白飯添多少可以自己決定.咖啡機.冰淇淋🍦
月底好夥伴👍吃一餐解決三餐

附上老闆帥氣的背影

服務態度超好歐👍👍
（一定還會再去）",5,老鐵醬平價鐵板燒,,4 個月前,0,2
好吃真好吃,5,老鐵醬平價鐵板燒,,3 個月前,0,2
"評論送小菜

整體菜色都比較下飯 …",5,老鐵醬平價鐵板燒,,1 個月前,0,2
非常好吃，大力推薦🫰 …,5,老鐵醬平價鐵板燒,,4 個月前,0,2
之前因為覺得社恐，所以今天第一次來吃鐵板燒，店員都很讚讚🤩 …,5,老鐵醬平價鐵板燒,,4 個月前,0,2
餐點好吃，又可以加菜，已經變成吃鐵板燒的第一首選👍 …,5,老鐵醬平價鐵板燒,,3 個月前,0,2
好吃 cp值高,5,老鐵醬平價鐵板燒,,1 小時前,0,2
服務良好！,5,老鐵醬平價鐵板燒,,1 小時前,0,2
很強,5,老鐵醬平價鐵板燒,,1 小時前,0,2
服務好👍,5,老鐵醬平價鐵板燒,,2 小時前,0,2
服務體貼🩷 …,5,老鐵醬平價鐵板燒,,2 小時前,0,2
好吃好飽,5,老鐵醬平價鐵板燒,,2 週前,0,2
全家愛吃,5,老鐵醬平價鐵板燒,,2 週前,0,2
很讚🙌 …,5,老鐵醬平價鐵板燒,,1 個月前,0,2
👍👍 …,5,老鐵醬平價鐵板燒,,2 個月前,0,2
包手的,5,老鐵醬平價鐵板燒,,4 個月前,0,2
開到很晚很好吃,5,老鐵醬平價鐵板燒,,4 個月前,0,2
餐點不錯 好吃,5,老鐵醬平價鐵板燒,,5 個月前,0,2
友善，可續高麗菜，餐點品質可。,4,老鐵醬平價鐵板燒,,8 個月前,0,2
真心說好吃,5,老鐵醬平價鐵板燒,,9 個月前,0,2
雙人套餐超划算👍👍👍,5,老鐵醬平價鐵板燒,,10 個月前,0,2
很好吃😋！這麼,5,老鐵醬平價鐵板燒,,10 個月前,0,2
好吃會再來吃 很讚👍 …,5,老鐵醬平價鐵板燒,,10 個月前,0,2
超級好吃呦~,5,老鐵醬平價鐵板燒,,10 個月前,0,2
現炒94好吃 很下飯,5,老鐵醬平價鐵板燒,,10 個月前,0,2
"好吃回訪很多次了！
店員也很友善😋",5,老鐵醬平價鐵板燒,,11 個月前,0,2
"服務品質好
餐點好吃😋",5,老鐵醬平價鐵板燒,,11 個月前,0,2
打卡送飲料。,5,老鐵醬平價鐵板燒,,11 個月前,0,2
"點了蒜香牛小排
青菜部分鍋氣有出來 蒜頭也有確實爆香
是好吃的 比較可惜對我來說偏鹹一點 …",5,老鐵醬平價鐵板燒,,1 年前,0,2
"老闆娘很親切很可愛
餐點份量大又好吃😋",5,老鐵醬平價鐵板燒,,1 年前,1,2
餐點好吃CP高！非常值得推薦的鐵板燒！🤩🤩🤩 …,5,老鐵醬平價鐵板燒,,1 個月前,0,2
全家來吃美食！非常好吃😋,5,老鐵醬平價鐵板燒,,3 週前,0,2
"難風找到開那麼晚的鐵板燒
很推薦😝
Cp值高👍👍",5,老鐵醬平價鐵板燒,,10 個月前,0,2
東西很好吃～出餐速度很快！服務態度很好！每個工作人員都很親切，不會因為忙碌而態度不佳，還會問有沒有吃飽！超讚👍推推 …,5,老鐵醬平價鐵板燒,,8 個月前,0,2
下班來吃剛剛好 特別好吃,5,老鐵醬平價鐵板燒,,1 個月前,0,2
平價好吃，已回訪多次😊😊,5,老鐵醬平價鐵板燒,,1 個月前,0,2
"點了蒜香牛小排
青菜部分鍋氣有出來 蒜頭也有確實爆香
是好吃的 比較可惜對我來說偏鹹一點
份量少了一點
牛小排部分超級推的超好吃
很軟嫩帶有嚼勁 不會吃出木瓜粉
小蘇打的味道或顛嘴
很純粹的牛肉香
只是既然都用便的為什麼要選蒜酥？
很難夾啊
白飯 青菜 飲料都是吃到飽
營業時間也蠻晚 適合我工作下班可以輕鬆吃
會再來的！",5,老鐵醬平價鐵板燒,,1 年前,0,2
好吃，來試試,5,老鐵醬平價鐵板燒,,2 個月前,0,2
餐點很好吃 店員態度很熱情,5,老鐵醬平價鐵板燒,,10 個月前,0,2
好吃平價👌👌 …,5,老鐵醬平價鐵板燒,,3 週前,0,2
👍🏿 …,5,老鐵醬平價鐵板燒,,4 個月前,0,2
雙人套餐超划算👍👍👍 …,5,老鐵醬平價鐵板燒,,10 個月前,0,2
開動了,5,老鐵醬平價鐵板燒,,10 個月前,0,2
冷氣很涼 內用飯無限供應 環境舒適,5,老鐵醬平價鐵板燒,,上次編輯：30 分鐘前,0,2
很棒很好吃😋,5,老鐵醬平價鐵板燒,,1 個月前,0,2
好吃速度快,5,老鐵醬平價鐵板燒,,4 個月前,0,2
